1,ieNg6aiph1ei,Sompegred
2,mupahjai0Ie,Remed1985
3,oNgahl4aibi,Abling
4,Ohthi2eo,Shatenifely
5,no4BeijieMoo,Earpot
6,wew1Iuc3Ah,Entakeeke
7,zeiW9pheejei,Wentis
8,waivoh1Gei,Intor1969
9,Uuthahgh6,Theraig
10,eim5Pherei,Dong1964
11,Phoh2iech7t,Gagoem80
12,dengiegei5Ie,Reme1977
13,ohmieng7X,Hiser1983
14,Ieningoh4ah,Golosts
15,iuphei7Ie,Hunitesige
16,oogai7In6,Shrich
17,Ae9chi8ae,Hinagesphe
18,NooM6aico3,Nout1953
19,eemuiK1iev,Rottleve
20,EexeeGuu4ae,Senglat
21,sie1Itixo,Antum1966
22,ceo1air3Bae,Tharly
23,jahl5Eifooph,Thernat
24,ieyu0cheeJ3,Thummed1936
25,eiGi4Poh,Forrinfort
26,eixuon5U,Andided
27,aedaiX7shah,Brissympost
28,Thela0ohb7,Drefoldn
29,duePh1VoiSh,Harbiang
30,phieRaGahL2,Trin1989
31,Aequaik6ahgh,Waskinge
32,GeeL4Midi,Trunever
33,AeS8keNg,Knem1946
34,goong8Ch,Bectiver
35,bohJae4Oeg,CÃ¦say
36,anoo0SoR7i,TherÃ©tin
37,kiyaic5ohPei,Uted1937
38,ii9fahc1P,Tures1949
39,uu8aequ5K,Hadis1950
40,kahPh4iexoo,Asecoulded
41,Gon3pohd2ka,Orked1980
42,eeM7kohdiVe,Whemere1983
43,ta2Eerekai,Hught1974
44,Eage1ush3aYei,Whateening
45,qua8vekeG,Awaseen
46,laeD9aefah,Rhou1960
47,Kieth6aaNg5,Vineary88
48,eiQuit2oiqu,Humbeart
49,HaiShef0Ie,Haffee
50,Ca4Legh8ueph,Whount
51,ooWe6Jee9,Woultand
52,EewieNg2,Obscou
53,Ohi3aisha,Hicas1996
54,fai3Ethoh,Tright
55,laPhie9ov,Priet1982
56,Yuo8ohoob,Piceplonse
57,Cohmahgh0s,Mendid1980
58,kied5aiWa,Youl1994
59,Ol4quu0ah,Froving
60,Ohth6oahue,Heinink
61,Ohth4heu2Ai,Ables1979
62,Igoh8thie,Whationd1938
63,eifaThai3,Musaing
64,RiegheV4ae,Abought
65,evey0AhX,Hationest
66,Ou9Eu0quoo,Faideawal
67,quaiw0aaQu,Oltous1940
68,ieP0oghie,Lefoute
69,fieL2Thung,Rociefoldn
70,ieBuNguvei0j,Dinexpose
71,Baephoh0,Thingaing91
72,Jaeveo9ekuo,Agetwoubding99
73,Auhiemaek7ei,Ourhy1948
74,oope5aeM8ee,Wallut
75,eetietheiN2,Ablity
76,zue0Ahkaig,Hanted1957
77,pak8teLah,Deffords1973
78,oNai9Niz,Thisione39
79,ge0eilieT,Whoem1946
80,Aigiereuj3oh,Pitions1963
81,aiP8yiel0oo,Oulaings
82,zohn4tiZa,Foriever
83,aik4noo2Rei,Goodst
84,ThuaJaeC4a,Alkinew
85,aeJee5Vev3,Thoseltogs
86,EeLaeb4M,Humbecioned1978
87,Hish4Eeve3,Durry1943
88,Ceeru1ahph,Wasterem1962
89,iu5ahTiem,Gagarrour
90,eewahV1aa,Pecom1954
91,xaaX3aThie,Riets2001
92,we0IKooph5,Blapeneve
93,thah0Eeb,Notiff
94,Raeg5oozej,Libbiter50
95,Ohp2uakae,Glan1945
96,la7eeT7bief,Eaketury
97,ieghii7Ae,Exproning57
98,Oi2baipoSei,Bray1949
99,aseephuiD8,Bearted1968
100,Shae1giey,Pand1960
101,Thie7ay3ai,Shosselame
102,Veizoo6aed,Saintin
103,yae7Oowuith,Gron1990
104,Quu7neph,Lebothis55
105,ohpeiX3oh,Fecou1963
106,PhooMo6oo,Thesto
107,thoh2Taki,Paun1974
108,va2wieN2ooGh,Turapter
109,Ietoosimae6,Thappery67
110,ohGh4aeM,Whiceing
111,zee5Oo1phee,Hilen1968
112,pe0pootei4U,Whoser
113,ica5aeMoi,Therage
114,eevu8Aash,Efortmosse
115,Aer8eNg0ie,Thavinds
116,Ing0Ailai0,Aftervare
117,ahc7shiX,Scigigive
118,Eo8QueiSh,Gazeelly
119,Woog1aip7,Wints1953
120,phoZe6ae,Hathand
121,Ubai0see,Janct1996
122,iig7azaiWei,Proorty
123,Ait2oongoo,Plon1948
124,meiz6shooW,Onsid1987
125,fi6ieW6jaeM,Nursucher
126,AeB5Shei,Cardearty
127,toah9aiy4Da1,Forry1985
128,ahth6Oow,Robef1938
129,ui3baiPh,Forit1979
130,MahNg5Beide,Thinty
131,OofiT0loza2,Amome1985
132,ShieCha2o,Andeavy
133,Xeif2Ohth7zai,Ankind
134,eud9HeiPh,Howits39
135,oVai4aeF3oh,Faletive
136,AFav9ahzai0,Stoing
137,rohthai2Vai,Withavercoad
138,gooph5eiNg,Heme1995
139,Gai4aojeu6,Haind1995
140,zoo6Raejae,Evending
141,daequiCh3Ie,Difing
142,Oonaphie1,Ervand
143,ohzaiw3AN,Dandicared
144,cohsh7aB,Hiliscion
145,aJahtiaf1gav,Delly1947
146,iageDu8Ieki,Replivinge
147,Oop4quaBa3,Himpt1996
148,Mah3nienie4,Anotteme
149,saeY5Oshoo,Ellostaid
150,ileiD4kah1,Clueer
151,caew0Ur6oh,Whimars1963
152,aiy1Eeph6gei,Casuld1987
153,shaji2Eu0ah,Harstin
154,hah3IoQuei,Shesho
155,eev7phai2B,Harks1989
156,Cheicoo7sh,Hustoon
157,iereeG0ei,Atrace55
158,Bol9ooPhah,Walut1980
159,Mai5nee3,Gich1968
160,Iih4icheak8,Misiongs
161,aiz8zooGh,Geortumpen
162,pomeeth7Oo,Refrowle
163,luith1ioGoo,Tope1976
164,Ob8IwooC4oo,Legrattlyzed1989
165,rue8ahf4Zoow,Linny1970
166,we4cohBah,Itted1940
167,aeM7zareud2,Worythe2001
168,Wo6eiWocoo,Beley1935
169,iriwu2Atae,Beve1972
170,sax9Aih8U,Primses
171,Eex9uu3sh,Wourn1999
172,gahP2eiD9ch,Whas1965
173,ohCet7loh,Moafflurs
174,theikee7Ah,Gream1971
175,Sahboh9os4oo,Guall1950
176,nahri5Ahjie,Andook
177,nohT9Thethie,Wentepturter
178,jeeMoo7ue,Dend1941
179,veithei9K,Tishat86
180,xup8mahraiB,Babiless
181,oog8Fahc3,Tenintion
182,eiz1Aedoo,Rometh
183,ohbaegh5Oh,Hisomed
184,bu7Chaev,Rusither
185,woVey5xooc,Coly1956
186,vei7aey3Xai,Torepto
187,aigooNg0ia,Youse1980
188,yoZaraj6ai,Wilvent
189,ieS9aewei,Glage1994
190,Om1mu3su,Obeft1991
191,Akahsah9apoh,Porchish95
192,oJai6Rae,Ficking
193,iegaeX7zi6,Grenown
194,eiF0jaemai,Froorm
195,kie5Eezae9,Armingthare1959
196,Boheem7aeshoo,Toont1964
197,alahL9boh,Wourn1959
198,loasoh0Uim9,Soperypear
199,Owie2ni2oa,Exprand
200,Eu7fi2ShuKoo,Ataked
201,ixohs0ohX9,Yougailes
202,thai9Ahzeij,Agempiesent
203,Giosaec5,Lowelies1965
204,Aih9ohsh,Rommareared1947
205,gaim4Aic0,Wrick1975
206,Fo6eem4O,Yountivell
207,YooYah8ph,Allashom
208,deeGhai8,Mosiout59
209,Aeg8een6hie,Bumantall2000
210,buVeeWa3,Herfin
211,ohrae1Ph,Soby1954
212,quookeiSo3,Onves1962
213,goo7iSoh6,Wicilite
214,eida7Weo7ie,Lonot1991
215,caeg6Yaeb,Shoundow
216,noud1vai7Ae,Broateretted
217,phee1thuQuah,Capaidep
218,shook7taeM,Babiless1949
219,uaNair5goh,Potalefted
220,oJi5meith,Thappere
221,za0Aidaegae,Menivint
222,Wah2ohNgu,Whiskentle
223,Chaico1sae,Hinem1978
224,ahJeghi8di7,Affelf
225,Eeb9oCooqu,Sionuirt
226,Pu1Miemee,Vares1963
227,quasohJaa0V,Andamers
228,ua4Aejuh6soh,Yeavey
229,uZ2ieB4Ie,Fraidess
230,Foo6Loo5aw,Teries
231,zeiWooh7,Brud1952
232,afee8eiPhe,Thetchintand
233,Vuqu5woh4,Harmuden
234,Ail5foo8,Gratelver55
235,voh1naix8Ee,Olor1942
236,ahSach1Juth,Antur1936
237,eiCe0Iyee1,Sherstrand
238,aeTh9thee6y,Overtutremew
239,xe5Eunohluu,Onsts1966
240,Fe9luatuZo,Affirse1975
241,aveich6C,Harce2000
242,Uo0AhFah,Werme1974
243,dai3Ohhaish,Werse1971
244,Iev5aiXai,Poin1954
245,yode2OhL2,Greplive
246,PhohHuyo6ch,Haps2000
247,saeCh7ee1Sh,Nouters63
248,ieGaeg2AeGh,Fordispreme
249,aeCh2roosh,Nonsts
250,noaN3eex,Gooking
251,hui7aelohPh,Madmon
252,eeTha5sei,Himenced
253,iolahs8Ahvi,Abildromfor
254,oocooPh9,Felainum
255,eixahd1Iv,Lingovensids
256,pad2Caev,Toll1992
257,ahTohwei4nae,Restroulner1987
258,mooch5aiR3,Loored
259,kaiMephef8e,Selinglese
260,wie9ooC2k,Pontleas
261,meeyah7Ah,Wenteread
262,Quoo6xu7Quoh,Faleas1969
263,aeshin2Ee,Stant1987
264,soo7ahCh,Conflims70
265,iush9reeH,Goiderink
266,dooc5Zaemah6r,Stinand
267,aej0aeHai9oh,Withein
268,ohvoh2eeh3I,Birear
269,eiJef4aig4th,Apse1957
270,hiz4Lais8sei,Excessing
271,Ailee6uithie,Wherrigh
272,ien5Uhahwai,Fienjouricen
273,thahv5AePae,Stroathemed
274,oav5ce0eNe0,Glinte
275,aiGhah4hu,Amosout
276,tae9aihaiFoh,Dishey
277,doo9XeiCh6,Facter
278,iebier5Ug,Cide1961
279,ei9aiPh8,Clot1967
280,thiShaedohTe2,Likesse
281,shahb0IMoo2,Andoes
282,shoh5Doa2ge,Supole
283,pohd6Udi,Monde1944
284,the0xeeZu,Chader
285,oi2ki6UmiS,Waysed
286,ma2yahTh,Artagglacte1966
287,to8biJ0Th,Glingraps
288,zee4Guesohjoh,Fortionle1986
289,wouThi6F,Thations
290,hupoeH4te,Youreave
291,wi0Jiuyei,Thaddled
292,jai3Sahcai,Ciary1948
293,Eis6yevin,Boutions81
294,raix7Uel,Fationsuld
295,iyohX3lup1a,Everne
296,ooQu0Eequoo,Fortiont89
297,deef6irieGh,Exiony
298,jeolooZae1,Andith
299,Ooger0ao,Ultay1997
300,phohg8Aech,Muckbithat
301,iepho6ouPh6,Colest
302,Chouba0qu,Manclook
303,sheiGh0hai5,Capposeend
304,Ie0wie0Sae,Womess
305,Oojaigh8th,Deversere
306,Eipheeno5rie,Werseemse91
307,aec4moWeiGh,Coleaked
308,ietohMae3,Haterne
309,EiCh2ipuRe,Knoth1982
310,ied9eePhae,Allashom
311,Ohyu7coo2lie,Defecdoing
312,ahPotoh8,Thingety
313,ahDoqueC6ae,Plarishome48
314,paa2eeSh,Donammis
315,ahP3oox1t,Whatch
316,eeSh0fiphe,Milisdowered94
317,iePh6hai7ph,Thdre1952
318,eipeic8Qu,Hateardideft
319,re2Rai5to8k,Frenjudipt1993
320,aeXoox5numah,Coguld
321,axee0Ahk9,Abytheirst1982
322,ni3ueSaejie,Socculd
323,ahTi5ohdi7Sh,Noestringthe
324,Ohgudef8chei,Whattho
325,Oquei2ae,Sheauselike64
326,waeGufoh7sh,Bacte1981
327,Ohd7Aech8,Goofew
328,cahzae7Oo,Prefor
329,EitiiTh6,Thoulace1972
330,fiyaeB9kaph,Hatic1989
331,chu2mo2Ae,Mided1972
332,thiesh1Atah,Retharts
333,AFai4oaqu,Cyre1971
334,eLuaxoo3ae,Thervought65
335,aet2Iexus,Uncerew
336,sheZ8tu3iPa,Tromis
337,xahth8xooBoh,Fambireett1951
338,ieY5go3dee1,Houghmed
339,ieYe9ahl7ah,Agavery
340,Ierohfoh7oh,Hory1976
341,eiGhae3ie,Unte2000
342,xiyoo1iRahx,Olded1980
343,yeiChuu0te2,Blegame
344,Rieh9aiv,Prith1947
345,Yu2cho3Se,Moralm
346,ien7ooL7ke,Parawascrack
347,Vie3pe1ah,Imse1999
348,Gohpij9r,Jestated
349,texei1eo6uL,Ponvirs1964
350,xoS4veiJae,Ality1939
351,eB7li8Oo,Tredoire
352,oo4aiMuiwe,Oveass1970
353,iequuwi8Oh,Upooks
354,Koh1uujee,Nothisper
355,iic8IoThoo,Regaserig
356,oorooN0AhCh,Fousee
357,vuquiTh2,Harcest
358,Faeghe2iag9,Bactle
359,aiShexai1,Whimeldreved
360,qui2vae1Fah,Hationen92
361,Phie2sae,Twens1945
362,phohtuef1Rei,Logne1940
363,yee3uidieSh,Fectle00
364,od8pinaet3Bei,Youghtisto
365,she3PheJu,Witerfes
366,oS7aepekia,Beimere71
367,eithooQu4,Heriverch
368,hei6AiyaXo7,Hichich
369,eiSu8ohSh,Samphy
370,ahn6ahMein0,Easpecul
371,oYeiPoht1voh,Fithaly
372,izahz0eeW,Holoy1936
373,iegahT2gei,Habneseem
374,Nu8esh3choz,Naloct
375,va5ohPhochoh,Splad1944
376,maichahR5,Theacted
377,aic3Shae0ei,Chemb1943
378,oniZew7ah,Feld2001
379,cohliwaep3Sh,Depeoped
380,eish9Eevoo,Antsmairming
381,uo8ohSu4,Durfult2001
382,lahgh5HieD,Youlow39
383,caeroh4Ohb4,Imary1968
384,Aem0jio6phai,Stiong
385,oot3Eiboh0v,Whistiar
386,nohN1ooqu,Onaged
387,fieLeo4iT,Fach1945
388,OoHeeWor7Ae,Tiscity
389,koiTesh2,Dingence
390,aiHaisoo0Ie,Stred1994
391,Uequ2ohd4Xoo,Cluch1999
392,shai1Phohm,Knotargeed
393,kuV1anai,Eirs1957
394,iSoh3aiboo,Uplarn
395,pof5Kaidie5,Pectiong1984
396,jie9ieLoo,Comforse
397,fae8Doo9olo,Expithis
398,Thoebae1zie,Forea2000
399,ooY4thahw,Mulon1977
400,Chut6ieth7,Cloy1940
401,Joh3gaitu7n,Lovervicieds
402,opohn6yooGh,Achisfain
403,oRei9haipe,Herse1975
404,OomeeM4Xie,Miltailost
405,kohth8Zeit3,Belsionst
406,Phie5uR0eiy,Supost
407,oe8Ing4vie,Whanimped1989
408,dohSi6que,Deald1957
409,Hoov9oi6mei,Torcer
410,AX4oojah,Dids1936
411,gu1iex2aeZei,Stedishe1965
412,wueviz6eiQu,Noput1967
413,oemooXuw8,Piten1994
414,fo0JeiGh2,Therin41
415,Ru5piJae8ae,Thards
416,yiiquieD0,Ocke2000
417,EoSoo9ai,Meren1959
418,ieZah1aed3,Reaked
419,OoW3GoB8oo,Ented1985
420,ieweinixu3E,Thendstoo
421,eiqu0Beez,Owle1951
422,thu3etaeM4ee,Beforning
423,kaeFahqu8,Sommainly1952
424,yaFahpou9Th,Difended
425,oonaik5Caeng,Thericir
426,hae3UoHie,Rearmem
427,Toug1Uijee,Surtes
428,xaivei0Vees8,Antea1961
429,aeteeTa7,Higuess
430,Aiph2uoDo,Doind1943
431,noChu3hah,Insed1943
432,eG1Tohl2jee9,Spere1978
433,phahl0xiRee,Reste1944
434,EeP2thie5x,Troarat1952
435,Choo9sakae,Arde1988
436,Sov9xohghah,Fackons
437,OsheeGued6aN,Pardow
438,UufiGe3ahBai,Anowbod
439,songahc8Ie,Satilly
440,ohQu5kohZ,Emparch1952
441,Eig8owi3ahb,Seesser
442,uC6DaChoogie,Abidide
443,tie2hie8A,Picketwor
444,Eima2Ep2oi,Lasight
445,oo8booLee,Warnisses
446,aey3Chie2,Sevenjoy
447,paej1OoVa,Fromen
448,Eyum5yeiK2h,Haping
449,JeiwiJai7ae,Pearouble
450,Iugh0Eesh,Appid1989
451,Ti8eeCh1sh,Finton
452,eitee2dahTh,Amettelly
453,nan5Lie8xae,Everytheir
454,ohB5sie5bah,Witing
455,ejie0ieThooch,Jobill
456,Zatai5soa,Olud1947
457,eej2eicahB,Distle1968
458,AS6ou3vouz,Thross1954
459,Vo7yohfo5,Beirt1945
460,mu0Phezi,Whorned
461,Aaxa0urei,Uppeathe
462,aKoh3panoo,Prather
463,Eece1ooThie,Anstly
464,taeLoY9zo,Pracess
465,vaivie6Mee,Hicary
466,neeShie3ae,Buiblemp
467,eisef6EeGhe,Homps1996
468,aeCohquae3E,Ableas
469,uCh9ievo1pie,Offe1991
470,waWuqueis4,Tiont1937
471,Figh5IeYae,Garte2000
472,joo1eiL3qu,Handemour1948
473,Iebohz2Nua1Ph,Insunt1966
474,chiM3thae,Samesessuld
475,ro0OoY2uaphee,Atileture91
476,eeBoo5Oipa,Foolve
477,soo2Maishu5,Wassinger
478,Haisahd0f,Dises1978
479,aiG8eeNgizoh,Succans
480,Aev9seirah,Wavery
481,paexei7Ahph,Saraing
482,je2ed6OJ6g,Matephy
483,Iek3baiNgee,Foreseplact
484,caQueetiePh6,Quareatunto
485,ciunaeSei2u,Cancer
486,aiJee6their,Dournighader
487,Aivagh8ce,Shourring
488,Pah9Jee7to6,Amensuch
489,queiVeev0qu,Dwand1949
490,SaVeej4eif,Cooncers
491,kaes1sieR,Tordreptles
492,rooFai0ayah,Casly1976
493,aequ6rohCo,Scarlilluded
494,ooxiech9Bee,Hassing
495,nohjaet6Oa,Gich1949
496,piem0Bah,Whisterell
497,OocaiTu3aigh,Hommeng
498,cie1zoPhe3,Tainern
499,Wihahgoh4Oh,Furings
500,Kae3eeHeengoo,Greld1982
501,cam0Uong9,Liffiller82
502,peGhachi4oh,Werly1975
503,aiNgooH4,Sevensis
504,quee7ePhae,Saireare
505,eith1Dae2mi,Fortion1987
506,eiRohai4v,Thatect1947
507,aekiz6yu9C,Liefalmid
508,rahSh4ae,Whappect
509,Tiolei6mojo,Supok1974
510,ceip7uucoV,Sheins
511,aexeePh2w,Didich
512,TheiH1ThohG,Heratat
513,eeTh4jahR,Inge1988
514,lahShei4sh,Easoll
515,ahx8phie3E,Whissed
516,tohfo6Oo,Thadis
517,ohwoh3Ei,Thimerse
518,zee0Moh3,Thint1999
519,eiSaerei7chee,Sionsomeard
520,jee1eiNgaoH,Moratte
521,atee9ohpeH,Upocand
522,kooz1ohwaeNg,Netrat
523,Va9paifuf,Andust1972
524,aiVoohii8Ah,Twouch
525,eiGh5OiC,Ansted
526,Xooy5aepoo,Bandure
527,ahZee1vaeH,Inelisgue
528,Yieghu8Ei,Havind1953
529,Roo2lohwaith,Whentry
530,outhok6Hoo,Comn1950
531,ife3Aighai,Ater1971
532,Kooc3wa9su,Suspe1945
533,usuo4Zoh9Sh,Frochat
534,aihohNge3ee,Reary1937
535,Ae4ien5rah,Fiefeeng
536,Sahdei0ai,Brombon
537,Hiemooch8lah,Havour
538,oD5eu3ziesh,Hergar1965
539,Nei7reet5oh,Johur1939
540,Woh9lahWoo,Explick
541,uS2miegaet,Nolibleyou
542,OLah9toer1u,Wariuld
543,ooquuk7eiJ,Casted
544,ied8PahB8ai,Befire48
545,oonoh2Zei,Hanceek
546,air9Po6an7,Befe1939
547,ahleew5ooF,Cludeatic
548,Lee7ranahC8,Facharnmethe
549,uaCaife2b,Thisked
550,ohKahW7oi,Wastane
551,Zope3ahbav,Stalow86
552,yiFai8Ba6ah,Liis1936
553,udou7ui1Jo,Coveress
554,shecee7Eu,Filte2001
555,seiBaer2ta,Eithewliter
556,ooTuath4ne,Propeas1977
557,Fahvoh8Ie,Retiould78
558,Ahkie9poog,Sappes
559,EvohyaX4yae,Drete1974
560,kiiyuV7Rai,Hermort
561,aeth2aNoo6e,Boakist
562,aLa7coh7Eid,Newhavening
563,neiShac8wej,Ashery
564,egh5ahCie,Promarls1970
565,Aidei8afiel,Sury1969
566,cei2iRoh,Tichis
567,eiphu7eiQu,Mads1952
568,orooS7Vaos,Stice1942
569,beiQueefee4,Ounflux
570,Chu6eetae,Gloo1996
571,aJ2oajae,Theninver
572,ZaePh1Meesh,Palwas
573,shooNg7os1f,Ovespich79
574,ieZoo7ixei,Thamot
575,wai9Oowoo,Ainal2000
576,ahJ9ein0e,Theremings
577,Ais9jaetha,Thatirly
578,Yov1Rieh,Vabrain
579,Cahshu6eelu,Hatherst
580,Thainoo9,Thessavout
581,ii7on9Eu,Dinied
582,Ceedie0j,Thandeant
583,ooh7ahNee,Abbecit
584,ahDaeThah5,Wheabion
585,eeV8Oegh,Beded1939
586,Ohb2paigh,Weet1983
587,ohsh5cieVie,Kooto1990
588,ohng4Poh1ao,Rombee
589,bijo9EeyaiZ,Octisher2001
590,Vee0chota,Ferece
591,eo1xoo9eg5X,Howast
592,haim8EMie7s,Himsent
593,ue8UeD4Vee,Thimenfle
594,Shoogh9aiL8,Marly1944
595,oQuoh7lahM,Selmerry
596,eed0Ke7cop,Feeinesell44
597,ne3icheV,Bria1989
598,Jiequ2uek,Aunte1939
599,ohjiey9oaC,Rembes84
600,paiSah3looqu,Whishis
601,eZieQuo8x,Pacury
602,eiPoRoh8No,Theable
603,Oojey7boo,Alifeller1991
604,pheiNa3hei2,Rambeens
605,nei2oohi8Ai,Wisford
606,ieJ4maiboi,Rocklairling94
607,Xahph6ouw,Nexcle1995
608,eesoe1AV1,Gaidner
609,faimee3Hai,Helfinch44
610,dob1Chaicoo,Afrand
611,Quaem8ae,Motifews
612,ahGh5Ahqu6,Theratte
613,fieQu2ee,Clueer
614,Xah5oh6X,Sevours
615,ooB4thira,Gons1935
616,Sai7ofuc9oh,Tacept
617,oce9eejeePh,Offe1964
618,omaez8Efa,Hisoonsir
619,Ejei8iebei,Placrour
620,Eethac4Kie,Goomed
621,Ooqui5thah,Asself
622,soo5aeZai,Proich
623,ieTua0haqu,Affearsurry
624,ohreiW0ah,Ders1979
625,Aihohc0ieg2,Sually43
626,Asah6oob5hee,Sigiand
627,ue7aeZeed3d,Powee1940
628,aechoo4Aif,Theass
629,peij3kor2B,Denerivery
630,iaF6eh7Ao4Qu,Sencong
631,Neeshae7eo6,Posely
632,irah9eiJ,Sherecomare
633,Jaec3Loh,Sidid1950
634,uo0dahThei,Suchalm
635,rupach2Hoo,Thonegive
636,ci1eth4Ahcha,Plachad
637,ooQuai8Hai,Forearry
638,OoFeingei7Lai,Atimenswo
639,Aph1eeCh1oo,Anothe72
640,Bia6Eh7ah,Trat1941
641,vahvohH4s,Incents87
642,AiGee2eZ0tia,Ofas1953
643,OhShaeW8J,Aved1991
644,Ge5ga7ohph,Kniturse46
645,Jaech1Tai,Ondesting
646,ieMie2EeZi,Tarm1955
647,ooDoBah8une,Atten1980
648,zaLoh0Ais,Eforsemnes
649,uNi6xohD,Masualf
650,agahja4Ae,Varty1936
651,ees0Ooph4Ee,Priellost
652,Vah3uwei,Buthend55
653,euL7eph9,Whillazies
654,pe1poe2Ei,Tran1938
655,veenienaiC9,Onsille1947
656,xaifix4Ew0,Ablued
657,xuleR3ca9,Sualk1980
658,phuof6ahN8x,Velint
659,cheeVuw9iecoo,Alleme
660,Bae2dae4aith7,Youldiong71
661,he6AoChee,Samostow
662,xieDo7iShoh,Courpastruce
663,Eerohr4aeme,Fortaish1961
664,eethoh4Zie,Thavengetter
665,aiNuKie9Ae,Friard
666,johl8Chi,Alores44
667,eyi2CahK1th,Plics1966
668,OBo2ieQuah,Clefor
669,eev3xuNgei,Timern
670,oJ8eeviejoo,Ponseety
671,heiJ8Shu,Lishat1998
672,ooSie0thae,Nust1950
673,OhbeeSh0ch,Wayshorn
674,weeb3Ahn4Tee,Tivervat
675,deoY5fi5oh,Makeles1940
676,eethiPh7ain,Apere1966
677,yai1yooCh,Hiliew
678,Quiek0noobai,Tholuthe1968
679,oob7Air2ei,Thadvithey
680,AeLahJu9,Arring
681,Noophawoo9x,Prouncer
682,Hi2ozi5ie,Acrod1995
683,vae3OoHeixoh,Befordely
684,iqu0eiz2G,Takent
685,hiJeThoi6ee,Useen1969
686,uyeph0oK,Hing1991
687,Aeboo6Thaem,Uplithim
688,iasaeDiete1,Expriver95
689,di6Ohjei,Theregied71
690,ERoh0bae8m,Somint
691,ieGeezo5aiv,Eventrey
692,voh4eihahP,Forneve
693,mah4ePh6,Tionevilly61
694,Aibeth0eeth,Hischat82
695,aish7Zu5egh,Hersomead
696,ieGh0gaeQu,Flusuch
697,fo8kaish0J,Wispir
698,luhee2Ahphu,Whys1950
699,aaC6yeebuo,Thetchintand
700,Peil3ut2geo,Nold1996
701,ith9iexe8B,Estand
702,uZie7luSh,Fints1979
703,Em6Ueng7sie,Olde1948
704,KaeZo7vee,Gode1957
705,Oopoafie0,Affing
706,shee5Phah,Boll1980
707,shi7aemeaGh,Forld1942
708,ugooY0Beib,Upichoughbor
709,ninieJi1,Jects1979
710,jae2fi1Thei,Lauch1994
711,ohQu9aeyah,Paropoebacks
712,Oov8ogah,Thasma
713,kaiZeh5al1,Musby1976
714,nuhei7Mei,Uselly
715,reZeigh9qu,Andlettly97
716,aevaibei3C,Ficy1940
717,aith5DaiGh,Abligh
718,Tai8ohmaeTh,Dall1943
719,Yei9ahv8oo,Farly1949
720,im0boTu8uj,Sects1964
721,Shich4buw,Sivent1968
722,ahK9ohgho7,Pabalunces
723,eech8SeiVee,Aceeakell1948
724,xaiPhui9ta,Gazeelly
725,Kohbihae8ei,Enuenated
726,ohV6Pheitoo,Senew1952
727,ohJ1vuWooz,Gratchim
728,Hah7Ne0aib8,Prosis1993
729,gahmaJai1ah,Befrele
730,uiyaeChod2u,Takintious
731,viequahSh1ah,Stentake45
732,saip1AiShuk,Thicate98
733,ePhe4phu,Aftiltake
734,ahpoh4oH2ch,Fruck1935
735,Ia4QuohahPh,Agron1954
736,aiYah1aiw,Ketter
737,aip5Zae0on,Wons1954
738,aiM2aL8ey,Weandstaid
739,Ooxaphie2ee,Bours1957
740,eav6Zawo,Pasto1956
741,Bood9meemof,Aboys1943
742,ee7reesheeGh,Receepland
743,Ohxiez8phee,Motosed
744,ohm8gahSei,Posuraid1986
745,Loocee0b,Rept1939
746,ieng6Dung,Themst
747,quiog5ooDesa3,Eale1960
748,Eeth4DohPh,Agen1937
749,wei3Wiehai,Witend
750,OhNg8Uzie4ie,Maligning
751,UPh5zuwoo,Wereaujubmis
752,Ae7ohbei1ae,Carthadvered
753,Ezah1Dah7oh,Beent1948
754,iexaX2waij0ai,Cized1979
755,tueYeshoh7,Wholds
756,eequeuK0,Hilin1938
757,Chu4ahmohw,Drethe
758,reH8aif2o,Thiameneve
759,va7Aperor4,Shouseedee
760,kio8viehieTh,Scollwas
761,Eecah1Lai,Mays1961
762,Cah8yaPie,Veme1999
763,ohseiC4Ao,Sweng1963
764,Toh3cahfi2M,Bern1946
765,aiVe9eilaeb,Devescithhen
766,chei3Eph,Spergazed
767,eingae9oPh,Rosees
768,maphot4Ei,Uporequity1968
769,phiegha8Oh,Wholey89
770,Kefeit3zu,Usety1989
771,Aet6daecha2Ee,Crichou
772,Xie8lohng,Wifer1950
773,eikuT3avai,Dishomper
774,shiePh8I,Serming
775,cie4EeBae,Harys1935
776,meeg7uQu,Aging1954
777,Eeboo4Afoh,Backleet99
778,Oocie6qu,Buse1939
779,wiup0reeN,Antark
780,Oosauc2ie,Fornight
781,Cuvae5Hi,Wormand75
782,ok0Chaiz5wa3,Ainght
783,uphuiT7ie,Denes1978
784,Keep3Buu,Evexcusbably2001
785,Soogou2ah,Silth1938
786,ai6oav8Eng,Whaturest
787,au0thooW9o,Triend
788,Ho6dieph,Smill1971
789,aedahGee2,Theruirong
790,cooYiev5Ii,Thimpiend
791,Hooqu8keirei,Sawite
792,Eich2aiW,Mitcher
793,taiz4Thaila,Zekere63
794,eiphie1S,Deconsenry
795,ieCh6ohzaif,Digons
796,Nah7ue1shie,Latur1998
797,Is6ex8Ciet,Nowel1936
798,MaoleiZ2Wae,Jull1985
799,tie4DaGh8H,Thembleavelf
800,ku7edooR,Fairs1943
801,uzeeThi5th,Eness1992
802,Toowahth7oh,Uncon1941
803,quop1aChuu,Herect
804,Ahna4phai,Joinambor
805,Ao1eithah6j,Fropecter
806,Aeng4mee,Vock1955
807,dae1zam8Sh,Prinell
808,Iek5ahMah,Prouthe1988
809,bohs3ohNiQu,Mandbarnot
810,thea6Asue,Coudescres
811,Ii0Waibap,Alme1952
812,ighiexo9IiNg,Greles
813,ietei5Uu5qu,Withatim1969
814,eePhoh4sh,Notints
815,moShie3a,Forat1955
816,eew1faiC1ph,Womaked
817,Loh1aechi,Lumospors
818,chileek2Sh,Dreir1990
819,jio1ePhou,Exes2000
820,oobae7Aesh,Liend1974
821,xoodeiJei8c,Thablooks
822,xov3Mu0Cei,Fixecition89
823,eY1uc2Ch,Surialts82
824,Kei7ili1ekuj,Fest1992
825,Mei4osai,Sicinsions
826,oopeeV2m,Suneitter
827,rahYae4mies,Mormis
828,thi0EequooGh,Tenintion
829,Maiphae0eoh,Goided
830,aVaiqu9eeW,Tharmis69
831,Eiz9yu7Cu,Beggall
832,Sai5Ooj3oz,Grenown
833,evoPhuM7G,Andle1961
834,atei2Aga0,Mign1939
835,GohFaiw8ung,Agger1973
836,AzahL3ain1ai,Mosous
837,Keequoh7zie,Thelock
838,Viu2ajoi,Ankly1972
839,Aecaith2zo,Themp1995
840,Fieng6ain,Imente
841,ofeiy4Aim,Stemed
842,voo6Shohx,Eare1959
843,naishoYoo2,Gall1947
844,iequuuG5Ahn,Shishempeon
845,Viesh2Hie,Terity
846,baeh6Aighe,Hareade
847,ieT0eengoo,Blazzabse
848,sieSiecu9Oo,Supuldn
849,saefo0ooGh,Aune2002
850,AihieriM4th,Knotargeed
851,ahgh4ohBien,Handemour
852,eMow3eek,Glikeltas
853,aih2dee3Ch,Beetch
854,baidaep0O,Cely1971
855,Didiech4xai,Makeles36
856,eleeVea5be,Parying86
857,Iewiquii1ah,Yousitel
858,iequohYo9,Shourn
859,EsheNg0ae,Holl1989
860,OuZoo4boh5g,Kinked
861,gahquieth3Z,Wastrid
862,ahL9oongag,Jealifted1964
863,xahW2cahP8p,Adaughicell
864,aeN3itei9,Sittand88
865,ca5ohl0ohR9l,Comelied
866,fohwaiG9m,Doperat1947
867,OR7eiwai,Caltome
868,noo1sa3Aev,Fonesto
869,Um5ahmoqu,Reir2000
870,Echaiho7,Smand1949
871,al1booG4pagh,Monce1936
872,Eech9Ofohd,Lofiressamed
873,eyaith5N,Agation
874,iaV4ne1Ey6,Hicent1981
875,Ich5chah7,Anythincel
876,ieGho6iong,Whimigh
877,Kaisheej0,Wasend
878,yaiLie3Th,Lignink
879,of2eLaeg1ah,Arame1987
880,ge5aoti8Ie,Notand
881,ahthai8Eiw4,Hishmithad
882,Voo1ooh9aph,Opith1943
883,Eibaeko2th,Reartiong
884,eo7ioKuthai,Thasithe
885,Phaenge8cah,Wifigh00
886,nahCaZ3y,Lairy1956
887,Saco9ohph,Safters92
888,vuu2feLoh,Youllot
889,ook3Yui8ae,Wisay1980
890,Ea8iegoo,Truduct
891,boreeDei8oh,Tourield
892,Aet6ieng,Wasenct
893,kacae7rooCh,Beind1999
894,oofai6Eigh,Heasuffee
895,YajohP3Sah9,Warang
896,wah0eeTiHae,Beho1961
897,aiX8aek3Oo,Offew1954
898,Vuy2eixae,Sith1986
899,eeTeem7suqu2,Plagne
900,eiTh4EiHoom,Hican1938
901,oowaeteez3Oh,Warand
902,chohzei0iZ,Worive
903,CeiLae1quu,Aeled1989
904,ohX4sueZaid,Forthemight75
905,di7VaiZa3Th,Abytheirst
906,Ahyei7Depo,Mich1939
907,ziph1Eu5Sh,Muctancer
908,cieha6Acai,Tooll1950
909,aiwohj0aiQu,Morer1963
910,Cho1yu8Luh,Carold
911,uu9hohQu,Mortan
912,Aiphee8eiwai,Stolven
913,Uum6quon8oh,Shergoidold94
914,uKae7aeng9,Tromphe
915,iusheiSh6ai,Craw1993
916,thaozee4aX,Theyout
917,thootoh2Oht,Wifing
918,xuPho0quei,Camently
919,Ahkein9gier,Sublarton
920,eiv2yePh8Oo,Beizad
921,aiSh2pa5ed6,Backleet
922,Aij1ju8ie,Fining
923,Aecheik7E,Arand1977
924,faeGahyah6Ai,Thiment
925,ahvi0Eiwiem,Lowend
926,Dohmie2it,Frithe
927,uthoof7Mohn,Troich
928,Ooc0aizoo,Covelle
929,mee8haCh,Darpre
930,io5Ipae9aing,Dombant
931,uPhie3goo0,Clon1953
932,eimi9ohQu,Lornizen
933,Ooc9ohPa,Pasioned
934,ahn1Xa8fohz,Sculd1999
935,phuTeix8am,Humothisent39
936,uyaiqu3Aegh,Syll1938
937,Eexiot2Thai,Surnmette
938,ReiG2aedae4,Depeonew
939,eengaiKo8,Thavercuris
940,OoQu6xi4Sh,Assfor
941,Aej9oo9ei,Oncents
942,booth5Ee,Rearsays
943,thid6IaN7,Shatenifely
944,ahJ4ahja,Knews1953
945,Loo0ohn5aic,Raters
946,sooch8eL,Scure1936
947,lahch3Go,Nuthat
948,eeJ7veu9Rith,Mayses
949,aehatoM6ea,Wereaujubmis
950,eiphath1Zuth,Sursee
951,neePe1oohoqu,Setime
952,wo8mecoo8Hi2,Busbat
953,dae0Deekouw,Foris1938
954,tie9Wete3,Notho2001
955,re8Shai6qu,Hiner1989
956,xiic6Li0oog,Heddleggliha
957,jee0Ge2l,Comill
958,ahl3oL7ee,Fairld
959,YooP6sa7egi,Parturly
960,pu3cai7Mah,Answerpose69
961,cae2eiSei,Antiver
962,oe6UNgoh,Wrid1941
963,fiPeiteit8,Hilen1960
964,Wae0iX2ke,Frith1947
965,Eegoi9xaeh,Busick
966,Ua9paeBij,Musly1967
967,ooD1Keibe0o,Tupon1963
968,seeJi5Ti4x,Theamorty
969,uufoV3jah,Arans1955
970,ohto5Aela,Lics1993
971,Xithoos7A,Brong1938
972,fiech8Fahsh,Opinsly
973,Yee0ooSaing,Thenetiong54
974,vieSh2Ikae,Hilty1956
975,quohY5dei,Sequild
976,aicae0ahZ3,Everld
977,ieph9Tug,Bidisty
978,Oidanoo7,Prefte1943
979,tieTae6toh,Losent
980,eph4Uow3pee,Sominever
981,vooxieW1yah,Comativel
982,ohHao7zoo6,Phisecome
983,Vae9EeS3looY,CÃ¦say
984,evieP9jae,Winget
985,Ohtheshe1w,Bagall
986,Ichei4mee,Yialathein
987,siYu0ietie,Madmon
988,oYoj5fo0x,Dersecting
989,ong1AijeXoo,Quithat
990,yooX0jua4,Theallove
991,Iuf3ohQuee0,Woodist
992,axua3Ohyoh9,Lecests
993,oa3Ais0U,Arge1986
994,Axu2pei5oo,Frith1973
995,ohqu1Aadah0,Hopper
996,iw7Iequoh,Fliptatheaus
997,iQu4nahb3,Johasked53
998,ooS2eiFod,Whinare
999,Eeshoo6zup,Plisfict
1000,xiasho2E,Clund1987
1001,opeiCo5c,Ovesibly
1002,Ucho7xood,Texprolven
1003,rieSai2ah,Imsong
1004,hai9Vah2,Camuctued
1005,ao2cie8Fee,Capost
1006,ui1Ahx3uk5i,Mandeproper
1007,soh3Ohv6,Faile1954
1008,gumohThie4,Copievere
1009,Ab3AhFamoh9,Thaddetishe
1010,kieCoob7,Horpostiated
1011,Ap2eeWahng,Cating
1012,Zexoh9vehoo,Iteress
1013,eigah1Ied,Wayage1942
1014,ShooTaim6ree,Nobster46
1015,nu4meiy5iC,Topecalmsing
1016,poo2AhluV4th,Mustor
1017,Ahph5gola,Hatinefult
1018,ohTau0reigh,Maddle
1019,uoQu9rah,Himespeof1997
1020,ieC4EsheiTh,Dought1958
1021,fee8Choh7,Stoluch
1022,weegie8AeJi,Miltary
1023,ooX7ahh3xed,Abightly
1024,wakaeKae3ei,Kilve1940
1025,aHu6aiyoh,Knerve
1026,ce0boThe,Carold
1027,jie1aizahGai,Smake1983
1028,Shook6taiy2,Agive1971
1029,omieJie7,Warted
1030,Iezo0gie,Coltoldest
1031,aeVab0Ebei,Youre1944
1032,queeGh8wair,Afess1996
1033,mo6xiu8Oo,Buthapich
1034,ahWaich6dui,Hamosy72
1035,xe9AiR1ae,Wriedge
1036,UDiec7phoo,Tintown
1037,Oong1ohz,Vilials
1038,air4Lae5oo,Loortambel90
1039,EeThi9th,Thomand
1040,oumoo9xeng9Oh,Comelf
1041,Eejoh5kae,Olove1980
1042,uT0shaig,Whimints
1043,oobuRuF3B,Felf1984
1044,haev9Ohkie,Cracenduch97
1045,fah4Eikohg,Whourn
1046,EipaeThe5ae,Fularks
1047,Ieyei0ei,Gribladeen
1048,xeiQuo2C,Therens1938
1049,vaeyahC6iiy,Offind
1050,EiGh8eiPhae,Waythe
1051,uuD6io6R,Turitch
1052,foo4Vupai,Tervind
1053,cheimai6Ie,Followly
1054,guev0Gei3ie,Ponold
1055,nah8Foor8il,Niatand
1056,Gu6bichae,Reamost
1057,eivi1zaiX1e,Wourneask1992
1058,ooN3oMiu8,Huses1963
1059,Li6zoov4h,Akes2000
1060,Poh3eshei,Scom1958
1061,Bugh3aghahgh,Takedent1974
1062,eLaa5SaFei,Pressita38
1063,oph8Ohy7,Torcer
1064,RicooT3seegh,Nembee
1065,uTul9caB8,Spip1951
1066,iboa1Pietha,Wishe1966
1067,kiephaeh0J,Busell
1068,aiDuem7ahfae,Soman1947
1069,nephoh7aiG,Noweli1962
1070,iphah6Laht,Hationson
1071,Eis0hee6IeH,Stoult
1072,Feenaix6xin,Ankining1958
1073,Ohk9hiu8eiqu,Mosithe
1074,ZohPie6yoh,Bouricipt
1075,Zoong7xai,Gremeaunk
1076,oohi9ohGe,Lonlied
1077,teihah3Noh,Polowealm96
1078,Aigahy5ush,Insunt
1079,Uv3EiN9moo,Fres1982
1080,aem8eiQuah4,Doemon
1081,Iechu4eiJee,Pareer
1082,eecheechu9J,Nowelpleady73
1083,cei2ohvieF,Pardow
1084,yiSoe5AeL,Expet1960
1085,gaiLoon8gush,Houldlat1987
1086,fai9Iphu,Carbandoin
1087,ciecaeGh1V,Cansid72
1088,Foh8ahvohg7z,Thowithed86
1089,kai4ieghaiF,Blikerchims87
1090,Tae6laeloon,Wifemely
1091,eoNiW5Kir,Repasustem
1092,OhX1iushoo,Lacir1953
1093,aeThae2Oo,Aremookephy
1094,hieL1aa8yai,Agartherm
1095,aib8ieGh,Marder
1096,yaiZ7ahg2eij,Forutived
1097,ozaithua8Oh,Opents1966
1098,shai6ohCu8,Examseaten87
1099,ohTom3vahsh,Gabsoorchim
1100,ceiWi4ii,Piculd1958
1101,iphieSh4,Operepien
1102,Rue1sei5iel,Sonst1948
1103,aePh2yohth,Thatera
1104,ou9Ei3ahSh5,Wousang
1105,Sei0doPool,Soute1965
1106,fe3koo9C,Dentaire
1107,doo0Emaiph,Murs1968
1108,Quoh6eit2l,Coldingaze54
1109,Sie8ooghe,Succart54
1110,daeYaijo4Ie,Daustrally
1111,Kooy8eexio3,Phyan1995
1112,pai4eiC3ai,Abeatice
1113,Pu1aix3Gein,Quinginotted
1114,Xie2Aw6Ah,Verbut53
1115,Fik4jeethe,Poold1986
1116,la1oyuCee,Hisre1989
1117,zaa3Oofei8u,Coad1989
1118,Ey2equei,Shmed2001
1119,TheiQu4eeX,Taitorelicke
1120,IifiaCh1,Quaid1948
1121,eit8PhieS,Olank1937
1122,aiki3ohs1Sh,Porit1995
1123,YuT0zair8,Cappencond
1124,ahbae3ieNg,Eftio1982
1125,Iemacaing7oo,Whicenty1958
1126,Aachaeji8ah,Malley
1127,ekiech4IeSh,Explen91
1128,Jo2ahcodae,Wayied
1129,eiZo7za5In4,Perle1950
1130,laiSho2v,Thavat
1131,thai6xahb2Ie,Shosilen
1132,haeXah7Ie,Uther1975
1133,ohjae1Quehee,Vers1986
1134,aab2vooF,Toorandre1948
1135,aith4Nai7,Froir1941
1136,aeP0xaith,Hentwonce
1137,aew0IeS7,Uplarn
1138,AiKohpho2d,Fatersainat
1139,eoSh1jooQuoh,Woureet
1140,caihie1Ie,Adic1983
1141,olohJah5oahu1,Mudis1981
1142,aip4Aephai,Musbang
1143,Ohgaevin7oh,Weenctiny
1144,IK4Rie2je3ah,Enced1963
1145,oonahh2Zajee,Excing1988
1146,ooze1Ooth9M,Abod1999
1147,ahm7yooY,Lowleackted
1148,Eireeth1o,Onsus1957
1149,IcheiTh7,Arly1959
1150,aiV6AheQu,Lorguir
1151,uquigh1ooSe,Miresslemes
1152,Ixeetood6,Hingday
1153,thaitaiNie5,Promild
1154,voo7Shei,Stideass
1155,Aech8ohh6C,Tablingotion
1156,phieMe7ee,Prolead
1157,igheoquef9J,Exproning
1158,Yaix1shai,Belikee
1159,ahpee3Fah,Wrid1973
1160,kae6eiWooH,Honound
1161,AchahJ0waa,Disted
1162,Wiechie7uz,Drood1967
1163,ooRa2eip7,Hattell75
1164,Quothur4nei,Agivery1952
1165,oaC6ohp0tieg,Honsintepher
1166,GieKaephee3sai,Lych1978
1167,del1iSeigh,Borre1995
1168,ohcaiB8mai,Deparose
1169,OoZ4Ohb2iey,Teplongues
1170,phae4aeph6X,Pappin
1171,uFaeWa9o,Commens
1172,voShixoo0goh,Luche1995
1173,Oi2il7Thoo,Marda1975
1174,ohzie7Oongae,Alifeller
1175,hahGhee3wee,Aralle
1176,iew8wohNg,Wujecove
1177,id7Eoj4Jee,Teple1991
1178,yuLootha1Hi,Luseple
1179,ieth9uB3ae,Mosperwrongs64
1180,Thai6Ohcuw2,Histallen
1181,ooVooph8,Nothers
1182,juth1aiCh,Fortive
1183,saRier4Kiyee,Bilted
1184,PhekeiN1,Ract1983
1185,OGh9miiw2Ie,Colmilluke91
1186,Se8OSeingei,Alaines
1187,leeBe7ahjou,Nounkilthe1967
1188,Axais2co0,Phyan1982
1189,Oudoo4oi9,Siong1957
1190,TeeMah3dah,Pind1967
1191,KohVu4ho3ke,Thistintivin88
1192,thooW4oos,Camerwas
1193,ohSie7coh,Barom1957
1194,Ua6nuaCo6Ub,Guick1983
1195,eip4ohR6Eer,Ares1972
1196,Kohl6Phae3i,Untorst
1197,ohhie1eNg,Darday
1198,Dua6ootai,Fetudiet
1199,eesheeVuc3a,Corephrearm
1200,uWao4aiGhee,Paturmom
1201,hae8Seugh,Tratimp
1202,Moo6eesafu7,Hicagaver
1203,dahy7Tio,Outimurs
1204,Kat8feChaip,Adawas
1205,Cohrai0doo1,Onancery
1206,Chieyee7,Zild1961
1207,Yei9iay7Si5,Bagive
1208,Xi0eigh8n,Whouttarmer
1209,Taj2Xahlie,Nocarain
1210,Xi4aeng6itaoz,Sniters
1211,goNi9ies9,Forgon1963
1212,ui6AiKah,Whaskince
1213,ielus7Eva3o,Everporly57
1214,Ahqui7iuTie,Thavered
1215,weeY4Roo3,Clower1965
1216,oothoh7Ie,Haten1971
1217,wohNg8chi,Milive
1218,nahn4iCahth,Plithere45
1219,mie9Eeteih,Promand
1220,ungo3ohP,Sholebabluch
1221,aungai0A,Forwas
1222,zi2ve3AhDei,Surpoked1936
1223,eif9iG2qu,Quileste
1224,feShaing1Ie,Witally
1225,AeTei7cae,Soolder
1226,noPhePie4g,Witally
1227,hieRiu1g,Bleanto
1228,thaew3Ph,Unpoid
1229,eewahnoo7Sh,Caresind
1230,Eequ5eQue,Forch1983
1231,ohzo2Kidei,Enditarray
1232,Geik7xie3gi,Laterfur
1233,Ti0Tahn1k,Bannined
1234,ji9eaCohchie,Untrater61
1235,iaC7Bahy5,Impres85
1236,cheeph2ieWae,Thedidismind
1237,eh4Rei1aeX,Taidow63
1238,maiNg8todai,Forripsy
1239,tee3iiv6Ah,Liagrat
1240,mi2EiKaech,Plardwitted
1241,boo0tai5E,Buthich79
1242,Av9vayai,Whirs1965
1243,fo6iebu4Tohn,Thdre1968
1244,Shien9iKai,Dold1972
1245,ohthuu9Qu,Yaripped
1246,ied5Ahdoo8,Selithe
1247,moo3cooC6ee,Hereterving
1248,ohBeezie4,Theirequal1984
1249,yiBaiL8cieM,Dook1953
1250,Naeghai4aes,Watich
1251,pheW2fouToh,Therints
1252,aeYoht8woo,Hichemord
1253,lu1vu8ooVoh,Eforgoorable
1254,oaG2oopoo,Ablents
1255,Rohb1pohD,Trythen
1256,ooNaar1O,Gavempurneth
1257,OBah6yie,Drebeguing
1258,eitheaShe3j,Somets89
1259,ia9ohWie,Tifichatis
1260,Vaexi5ooXoo,Adioncy1984
1261,zeibea1Aht4,Firecureve
1262,aidieCh4,Agetwoubding
1263,eeVae7ohgh,Forwass90
1264,gieYi1ae,Whar1977
1265,EeY0baihaiM,Wassent
1266,Raucoo4iequ,Therying
1267,Roo8sohqueth,Bumantall
1268,aa7Ooma8ch,Aunce1978
1269,ba0wam0Gi,Womers1946
1270,ahX4fahquah,Lonspribeen
1271,gaeW5eiRue,Hounnenst
1272,eoFe6wesai,Sirsenes
1273,naRoo3aph,Whicer
1274,ia6ieyiW6,Chme1936
1275,WaeChii9,Daugh2000
1276,phuc2phaeWoo,Mignamem
1277,Gu1iVahn,Doweepastrou
1278,Aec5sa9aiw,Ater1964
1279,Aghuubaej8,Finever1996
1280,CeH9oomie,Encely
1281,lia1aiT8Ae,TherÃ©tin
1282,ohhi9Zoo4eo,Bereand
1283,Si4aiGhaiz,Theind1942
1284,cha3Eipu5,Thentair
1285,eexee7EiGh,Nere1947
1286,Uegu0bua,Phatery
1287,Gien4SuLu,Buseareped
1288,Reughai8s,Nich1941
1289,ze1ceek5M,Ofest1954
1290,engiSoPha1,Kenterefored
1291,eiFoo7osh0,Harfidut
1292,hah2Ohreegh,Wanded
1293,ceeR2chaph,Neear1986
1294,sei9Eupieba,Secion
1295,ahcoi6iiNg,Brombon
1296,iong2aeM1E,Molaing
1297,wiexia7aiPh,Foelonemse80
1298,aeD0AiRie,Sartur1943
1299,keeZo1Eit,Baid1978
1300,UF3ahph7,Formarps1961
1301,gieph1ieSh,Hicithove
1302,oJee8Igohl,Unamboach
1303,ce0cuD3Ae,Mouldin
1304,ga8ieL0eepoh,Neet1947
1305,TieNoo3oong,Mislivend89
1306,Iep5eoxachoh,Histre
1307,aiwooVue2Oo,Thationstery
1308,OhSoophai3,Fromming
1309,ahieNg9ph,Tareurery
1310,ooG2saemi8,Owereed93
1311,jei6eiF1lo,Nowbod
1312,dieR0lothe6ie,Allichere
1313,UC2ohphee,Oboy1978
1314,Ohd7fahy7pu,Gairly49
1315,ahp1ohz7eKo,Ponforsittle
1316,Naaloh0kaeka,Brenceing1992
1317,eo4ya0Keb,Hingis1979
1318,Azie9nuu3A,Depe1999
1319,ieY6SuGaiF,Denteoffores
1320,weiGh0AeL,Pardisturn
1321,veoJeep2,Fropeon
1322,iecai7Shie,Cittly
1323,Join7Ohngei,Courand
1324,eeyoh2Joo,Hattacte
1325,eich0heeP,Gnitend
1326,Eizoof5ro5E,Vervang
1327,Keekood3ipo,Corwaseed
1328,Ziej7kei,Complaccese
1329,kuqu7nahz8Ie,Agookint
1330,Laeghoh3u,Greptaid1996
1331,Oe9ohei4,Themput
1332,eFui4eer6ov,Hinte1953
1333,jai2Aog7ahm,Appose
1334,Uxohn8Eu2rai,Goins1980
1335,RaB8eecaixoh,Slown1977
1336,aeVoh1chah1,Himplazint61
1337,ohdeXoh4pee,Jould1943
1338,Iequ2Apa5,Moseng
1339,Saph2aaZ0hoo,Thetut
1340,eexae3ohv1P,Diguest
1341,iuvae7Eivae,Jick1971
1342,chu4AegeiT0,Roldatt
1343,Ahd9jeebie,Witterlass
1344,Eeledua7,Whatepok
1345,Aishi5ieChee,Bereest
1346,Ier9aiyoh,Intond1947
1347,Ud8vaec8ai,Vends2002
1348,ahguNoh4oo,Cottathe
1349,Phaechie6,Respen
1350,mee3eeRip,Ader1947
1351,eeR4uSeu9,Frichis
1352,goo2dai4Aig,Greptaid
1353,pifohb1ouV,Pregivempank
1354,Fo1he3dah,Donce1987
1355,ahFooKab0ie,Natte1940
1356,eix1coo5Kie,Suar1967
1357,Ahri0oquive,Moonce
1358,auquaix4Leu,Loplaus
1359,cu7ueD2as4,Torteropaid
1360,aquaec4Th,Evend1939
1361,Iu4yahqu,Caterneved
1362,eaZ2shuj,Stan1991
1363,vingieGhei8,Polornet
1364,AeDi6cheo1ph,Musbacked1971
1365,ye0kae5AhP7,Noust1965
1366,oaQu2aek7,Sonte1984
1367,yaiGha8Wie,Shatis
1368,thai9Ech2Ie,Doothis
1369,xee4Eew5ih,Ficumard
1370,wohm7Cei4oo,Ireetwent46
1371,QueiJ0ae,Aterileas
1372,chaorie7Ch,Stals1992
1373,Wee5Ahth9sae,Wooduousted
1374,ca7ceeF8ee,Bising
1375,aiFa7zaing,Bagall
1376,oozi6Shee,Debound
1377,xi2aimuoYie,Hencerel72
1378,peeFach4Oo,Quilichich
1379,Zaex1Aish,Antum1977
1380,juS4Thuap3S,Sular1940
1381,QuaiQuaot4,Lawl1947
1382,uh6une9Dii,Chaning
1383,aede7ef4uWa,Aboy1938
1384,qui2haeTo,Aredle
1385,ih9Ipho2Ch,Loqued
1386,coy0voY8,Knownfass72
1387,eichaeb7Eing,Weact1955
1388,Phahng5Sah0,Uply1979
1389,Aethae6ee,Thoind
1390,silee3Eis,Wris1998
1391,IeMiogayoo5,Whictibed86
1392,Auquaej7eeP,Bobjew
1393,eem4CaeMah,Swelf1949
1394,Eu7Riil1ij,Opecticess
1395,Aikahch9th,Exclore1944
1396,neiNg8saeS,Imensid
1397,feepu1iPeesh,Beave1941
1398,aGagi8iphei,Laint1967
1399,eigizei5Eet,Hicese
1400,Ne3Ahba5Ie,Dievendin
1401,ohH2xae1Ph,Adawas
1402,goemuequi3aK,Abountich
1403,azeroh6X,Samot1981
1404,eezeeZ1wae,Rombeli
1405,Ogh9jeesu,Donvill
1406,jaiF0gahbah,Rejast
1407,eeDai2ezo,Susenter
1408,va0Ohf2Aumah,Teld1990
1409,zux0JeNg,Wernionsinks1970
1410,sha1iY5chir,Tolad1957
1411,Iovuuk7Xie,Clook2000
1412,AiHango5yo,Rapen1938
1413,le5thuT2,Thentereent
1414,lah5AQueith,Depalase1993
1415,uheYeeSh0Ch,Somenclover
1416,Bael0jei9ou,Anderecit
1417,yieto9Pees,Pregivempank
1418,noLuovor7oa6,Owelp1985
1419,uBaeSee3,Purt1955
1420,Revahtei6cah,Pristor
1421,vee5MaiRi,Majess
1422,aeth9Remoh,Shopplaunt
1423,Wah1ugeim9,Aday1981
1424,iWegheu1ait,Lamenscaught
1425,ei3Iid5eiwa3,Teld1984
1426,EeSoh9mee9oo,Cagoo1939
1427,eec2ahleiCh,Hicated
1428,Wao0aik0,Stue1940
1429,Ko4asiso3,Dayse1965
1430,Dedeesee2,Homraptiould
1431,aiW2cheaViu,Mans1941
1432,Uan7Ko7iew4,Prosis
1433,iequ2aiT,Vorepor62
1434,Juaph5ra,Wastre
1435,leiP9aequ,Hourk1940
1436,ouqu7ni1EH,Thiscout
1437,Looge8TheeGh,Heregailing
1438,AeVeaCul4,Wayage
1439,oomieRah3ch,Riettereld
1440,ioNg4ohju,Govers1994
1441,seiLieJ4liz,Whatiall
1442,ahyee2euRie,Deadelay
1443,poJ0ahroh,Andured1952
1444,eaYeig4aiK,Crustagand69
1445,cue6au2Ah,Sperady
1446,aiweer8Zeiph,Geoplegatill
1447,yaep3IeMu,Perinced
1448,Nahm6Eez2y,Hingently
1449,yae0phu3Oo,Bume1936
1450,ula0aiFoph,Clusbach
1451,Looceigi5w,Thatuat72
1452,ohJoh7Ep1,Ountrumpas1999
1453,oocai6keTi9,Mucend
1454,Ivaineel9j,Fachather
1455,eeT1nae0ch,Youngold
1456,dohsie9Tu5,Diseviou
1457,lureiNg1fie,Ploneinan1999
1458,joh9JaeXa0,Thavier
1459,jimee3jeeQu,Ithoust
1460,Pahhui6ch,Relithe1948
1461,pai0uJeN,Therok
1462,hooYeGhoh5,Somakingdon
1463,AhBoh5johLai,Thard1992
1464,pu6ec5Oh,Laway1977
1465,Ec3oor8u,Theraig1973
1466,Rae7bahb7Et,Beficed
1467,ohgh7eiXe6s,Enton1943
1468,auD5Duphi8,Weas1979
1469,Saet6zoh7Ohch,Thern1968
1470,tie9Tae5uqu,Histrawas1994
1471,Aic2geli2,Orinis
1472,AeK6uu4ooM,Joaroarry
1473,Ohzah9oviexu,Agence1943
1474,phou6IB1zei,Nobs1998
1475,EeNgeelei7oh,Ades1967
1476,aiJu1got6yeo,Othympas
1477,xuaD2ceizoh,Stedishe1941
1478,Ulaeth3Bie,Blothe
1479,fee9Neeg6ah,Hatty1979
1480,auLo4geu1ch,Hous1962
1481,Ookai2ee,Loweng
1482,iY0oocawu0,Hatomentand
1483,ahkie0Ooch8,Themst
1484,yihi6QueiToo,Poray1964
1485,yaKoo7AeCh,Oftercur
1486,johkeiX2Eiqu,Loorthow
1487,ish6Zahdio,Whyst1981
1488,Chuu9xaeco,Butit1985
1489,jo7oGhu8,Bigod1953
1490,gae2Uyeingu,Crist1969
1491,lei0EiDa2,Hein1980
1492,Faeno4ae,Cominved
1493,mi4IthahR,Gire1969
1494,Ahf3Ied3Kie,Thomong
1495,gie2BaeP7,Mrsentlittly
1496,Ooj9OhNee,Cardeet74
1497,ruTh6sai,Hosteaven
1498,quiaw0PhohH,Bith1980
1499,ahMaib2phoo,Brishemed
1500,aiKiquae9wee,Behere98
1501,vee3eeBa4,Andifear
1502,hee5Oa0reaw,Sagems
1503,eix5wuW3Ie,Thiparract
1504,gieCh8kuse,Twouch
1505,oipheeFug6th,Quieups
1506,eingoh7Eimo,Snank1943
1507,phe5Paehei,Thall1977
1508,Ooz0miezoo,Weress
1509,Ooj7ohm5Pae,Simpal39
1510,Bu3ieyeigh,Hathand
1511,saim2Ba9,Mostor
1512,eiZiezei2hi,Allonce
1513,efigohJ6x,Worgetwoncer1948
1514,eiGheiR8o,Theyearect
1515,Ung1ootieh,Esturne
1516,uGhei5nei,Brimse1980
1517,yoh1iKei,Cauther
1518,cai9ag9XahV8,Tropir
1519,shee2Kah9Nu,Theretualk
1520,ooS4sauNe4U,Hinume
1521,Saexuas9iyie,Gradde
1522,Rie4quie,Seemn1996
1523,aeG6dosh,Reaver
1524,alei2eYus,Scerfumfor
1525,Ir2iev1Oepah,Withath
1526,aeXi1coh,Susher
1527,Moojei1rohsh,Anythat
1528,aec7eMohl,Mervat
1529,Cah6quae8Zief,Dreeks63
1530,hoey2Daza9S,Twore1976
1531,Oth8mee6sh,Explasom
1532,shiez0Geip,Firad1980
1533,CaiT1phai,Bance1996
1534,bee5CoDei,Ficy1935
1535,ou3Joofohkae,Warted
1536,Ahg3eZo4aK2,Qualwas
1537,IeLoo6jo4,Extrany
1538,Aeng0sie,Thentin97
1539,AiPh1maegh,Gair1948
1540,fahghahy2Ah,Thatedge
1541,iQu6eghiec7ae,Yout1963
1542,Eyah3iilied,Howast
1543,eiyaT8rumoh,Tining
1544,Iechuugh6ae,Scatinstund
1545,zo6Aephoh5oo3,Thadeciagre55
1546,Kaith1Qu,Evir1979
1547,uT2ier8phee,Seetumbrave
1548,ameoKo8o,Githad
1549,ahvu1Da7i,Wouspor1977
1550,xeiyoo5ooCh,Wassfy
1551,AiGee4fuun,Andereliked
1552,pahF8Ahhoh,Amust1993
1553,rair8Ki2Toh,Loggeme1946
1554,eLu1ahm6ah,Erated
1555,Rie8Vengai,Dised1939
1556,mai9Aoz4ook,Fumnight
1557,bof5eeCh,Eassive
1558,Or1tie1thei,Repin1957
1559,Voamai2woosh,Invisce
1560,yoa9raLuw7i,Liverit
1561,Ucheoziy6tei,Nima1935
1562,Uveirew3ra,Aboold
1563,quojahT6Ik7,Foreavieve
1564,pho1lieCh,Anner1941
1565,iu7eKet2ah,Hustong
1566,aeX0nahgai,Therstion
1567,Aezai6paenie,Witilty
1568,Jo7thoCuoh,Forgue
1569,zieNoshoh7be,Shor1993
1570,Oa8axienam,Vild1951
1571,AhNgebi3az,Fintich
1572,aet3GaeJ0,Toge1979
1573,einokaeY4ah,Prommeaveris
1574,raiThee1,Slitione
1575,eiChoo2xai,Geor1995
1576,FoojeeK5,Oushe1938
1577,zahV3ahr,Thenery95
1578,aesh3iGai7,Coond1956
1579,aNg9mei5ei,Esincer
1580,eeShah6oo,Revend84
1581,eehu1Evaigh,Papid1959
1582,Eit7xeu6yae,Enes1937
1583,eixi2Ooch,Hourson50
1584,ahLoo1ikoo,Wasky1990
1585,Iov3yohD8ae,Calloseven
1586,Ush8oneig4,Blecliked
1587,de2Ahre4oo,Delitth
1588,Cahr5ulae,Wittpat
1589,Um3aihai,Wrive1998
1590,Iexah8ie,Reate1981
1591,Choo4Gee8Roh,Disated
1592,VeiTheec9F,Verfurne
1593,iepe7Rue2ai,Agger1961
1594,Taesh4Toh,Hisered
1595,sheeGho6,Equirt
1596,Oo3eiP7Ah,Lostow
1597,naP1eepho,Delf1972
1598,ohnei5huVie,Giou1942
1599,lei5Ohph,Clady1941
1600,iereegeeK1Ai,Twous1941
1601,eiH9yeiK4p,Yout1995
1602,shaewee4I,Jecome
1603,OoQuee6a,Notenjoyard
1604,aeth2Eig0,Wheroulatis89
1605,nai4yo9Us,Stuaque
1606,ibagheiXah1,Thapproter1997
1607,OhRei5rie3,Histiong
1608,Idui9aeCh,Paphatterst
1609,thaegu0Wae,Vaid1976
1610,OhKahv6o,Scuidut
1611,Tee1moo0,Aloviely86
1612,iej8eim7Oh,Themput
1613,xei2liYoo,Clot1994
1614,Iejiej9te,Moreary
1615,sheis0Ooz,Verfurne
1616,Ia3uughu,Oviziest
1617,ahjienae3N,Caphistry
1618,weikeeT8aiw,Wounmay89
1619,hoiJ5eing,Migho1963
1620,ne8Quedoog,Hastoom
1621,Eigh2ohfoh,Docits
1622,ui4oePe6sh,Havere
1623,Thumei0the,Deate1976
1624,aeQuee2g,Arait2001
1625,ahlaa7Ohsh,Busind54
1626,hee2Aib0B,Scir1937
1627,eeVoov2eu,Occonever
1628,iugux1XuM1oo,Tern1986
1629,ceeroo1eeR0,Exper1968
1630,ieZ8ait7I,Hithorable
1631,tiDicaes9be,Morte1945
1632,Aithaiy3,Stogred1935
1633,cahg8JohKai,Wentre
1634,paeHo4thohP,Losonfere
1635,ooGhahW2ch,Carld2001
1636,Adui9ohfie,Actemend
1637,aeP1peiJijee,Allown
1638,Thu0nei8sh,Stoorn
1639,Ru2foosoifi,Dold1951
1640,haig5oHut9aid,Behend51
1641,eePe7aer6ahSh,Dessesid
1642,Am7Shei2,Selfind
1643,ree6Mohf3,Ereun1987
1644,woe6aLie,Witheoper
1645,ohja3Vo0kee,Indis1974
1646,aetu0Eew5z,Wairespleet1972
1647,Vi0Siit1iegh,Splays88
1648,Eesh9hai,Inglast
1649,aGh2Loh4sh,Scientoped
1650,jaixiShe5,Whavourste
1651,ThaiFo0ohdoo,Thur1962
1652,Ooch0ahShor5,Exclout54
1653,Quu5ifai9lei,Saingess1974
1654,eib9Pewee,Pappring
1655,efo4iegohR,Eter1945
1656,hi4kuXi8m,Ounflaysee
1657,Ohch4Taica,Thery1974
1658,Azi0ibidai6u,Hiceivien
1659,Aeyooh6tae,Takintious1978
1660,soS3ohng,Shimpay1960
1661,jeengiey2E,Hime1977
1662,Gei2Ohle,Gialren
1663,eH2vi0mah,Logetc
1664,aepe6EeV8cie,Wicis1996
1665,Rahwehoong2,Pands1985
1666,uk7aingoSu,Pareer
1667,Lee6lee3,Scolon
1668,Tooxaish5d,Likentich
1669,im5Zahx7u,Pereatiought
1670,iTophie9,Angem1985
1671,deeVax5vah,Sayou1941
1672,Eshi3pea0nei,Froldn
1673,etohThai2Coo,Ornise
1674,eisheegi1K,Cris1935
1675,ael6Eiquibo,Matureaus
1676,daij7Oosh,Quetic
1677,Eec3ooB9,Moret1950
1678,eeChai5uasoh,Usionswut
1679,Iey2Aruush,Poper1936
1680,CaJui8choo,Hatifix1956
1681,Epu5Yaingoi,Hencerel
1682,ne4uSeet,Youres
1683,eev9ahQuah1,Floody
1684,cai1OuNgae,Dowerturs
1685,Jemoh0azoo,Forgon
1686,Aenais3cu1,Thereappos
1687,zae7Iethuux,Sarehely
1688,ahsho0ieK,Plousee
1689,aifei8Yah,Worach63
1690,iu7em2Mee1ei,Prand1956
1691,Aiquah5shiti,Suffes1952
1692,aay8eX2Tie,Youdisfy
1693,Thie3oboo8,Tholdis
1694,eu4Ohvo1t,Obet1952
1695,pax5rei4Oob,Pritter
1696,aiVo0iT7bai,Appood39
1697,vei4Ish8tei,Eliablive
1698,Kieph1Oh,Frisay
1699,bahng1Ee,Consor
1700,ePi6aeru,Retharts
1701,deiyu2Jei,Berneir82
1702,EeHaed5aL,Wilver
1703,wae9ug3EPe1,Yousping98
1704,aejeoV0iic,Cagoo1974
1705,Tahg0eith,Hationger
1706,Yaepie0ee,Marmigeder
1707,teixeC0ai,Indes1942
1708,YohX7Pei,Pappok44
1709,joonop5eiC,Humand
1710,Ihoojah8aSoo,Reld1989
1711,hish3Tae3ee,Soming
1712,Oethahtah9,Finlive
1713,im1Ahchez,Upolliveng36
1714,exae0Apeed1,Pronegrot
1715,Im6Uw7eis,Thersesom
1716,piN2guuxae,Daterfed
1717,quu2ad8Ei,Ravize
1718,Aiya5Ci4n,Willond
1719,daiT0pa0iik,Inuitch
1720,ahTeikai4x,Plingrat
1721,Ni8aePeing,Samess
1722,ool6Haetet,Riencrehe36
1723,UN6oY7th,Crecomight
1724,zahphia1Ch,Theiged
1725,Ti6thaiF,Ence1941
1726,Yae9oong4o,Whoseeps
1727,foov7eGhie,Crautepred
1728,OozahpheeTua6,Havery
1729,Phah0ieb,Storturly83
1730,epheLi5th,Theove
1731,too3oPeboh0,Sencong62
1732,Hei6ahNgoang,Boyes1992
1733,raeXaef8,Tryin1973
1734,Eewee0fing,Licess
1735,dailu2Iesh7,Andoned
1736,Eishai1oh,Marm1958
1737,li4iixaiX5th,Chare1948
1738,Ahwie7Coa,Sairt1955
1739,od4ieGh9ae,Vight1993
1740,Queva2ph,Capert
1741,zoo7tiVei,Sull1946
1742,noodeev9ohG,Ardenters79
1743,zahRon5Uchah,Notiontery
1744,ohFu0ohrohgh,Mortard
1745,Oopiu4SheeH,Thettles
1746,wiGh1eaNuW,Coneire
1747,pa9pieGh,Onnithashe
1748,woh0guv1O,Greasse1958
1749,ahch5ya5eiGh,Morne1952
1750,Oob2cuoTh,Senou1946
1751,ea3Aojoo,Caltin
1752,kee3moo7Mu9,Faing1969
1753,veoB4co9oh,Aniguld62
1754,thuut5Pha,Tairear70
1755,usooQueef4,Wrick1976
1756,TeYaiNoo7ie,Freace
1757,ohw4shoGei,Whimsood
1758,ooM4Cogai2ie,Exhigits
1759,IoX0yeuC3qu,Fackither
1760,aemae4tieNieth,Hapsylle
1761,Ko6iebaeh,Sudight
1762,hooseeSoe1h,Oback1941
1763,woh1Yi5ogie,Nursucher
1764,eiSoh7tiehoo,Liagn1992
1765,aeHie4ch,Prifead79
1766,ooreiW1j,Washoss
1767,au8Eeh1xeePh,Thapponevess93
1768,Uuzausheu8gah,Calks1981
1769,aht3the9Th,Tened1974
1770,ephi8pohJ5x,Nounkilthe1935
1771,Aiy1Dail,Useen1993
1772,fooCuer0,Hinknow59
1773,joNivi0bie,Xist1969
1774,seXi4ochoh,Thavence90
1775,iengi2Phoh,Theregied
1776,Kahliet6Th,Shadeopleil
1777,aph4Eishei,Hationlove
1778,UiMoh3ielak,Imnion1940
1779,faeshuaz3Oh,Motip1964
1780,ohTh6don7ach,Thund1938
1781,Nai3ieNg6oo,Cituddly
1782,Unahrae0theej,Herful
1783,beiHohH3ea,Scrues
1784,boot7Eiwah,Thersece1990
1785,aix1eiRaiD,Upied1977
1786,Iesexa3wi,Youdger
1787,uth2Oobeey,Truch1952
1788,OoZi9ahth3,Wouseet
1789,oseej5Ohxae,Agniney
1790,ieBei0kei,Conce1966
1791,aivoh7aiMee,Tharsen
1792,eeMoo2bong1,Bariders83
1793,bae2Lahph,Samet1987
1794,AiLahfuo0c,Thered
1795,phaedooN6kee,Oura1943
1796,vohr4eeH,Dial1943
1797,iez7Ohxahg,Fonly1955
1798,aivujeP3iez,Cithy1998
1799,oCh8heiy8v,Youb1953
1800,eMoNg8phu,Wayin1984
1801,ahnui0liTeeY,Thinowns
1802,AiL3zaepae,Reir1940
1803,Cha7ieth3eiz,Woren1958
1804,ohDai9aeg,Therear1965
1805,ooquait0ao6Ah,Posseptiche
1806,vees2uePh,Monvill
1807,Dahphee5sh,Thourbsixot
1808,wu0aa7Odoh,Equescam
1809,ohm5Aiz0u,Duche1954
1810,eipe0eighoZ,Viney1954
1811,Nei5ieS2AeMae,Ocas1996
1812,Nii6Ahr1Ee,Blith1997
1813,eoluV6Phai8,Scome1941
1814,huReixi4ohr,Therul
1815,Uuw8aechah,Hisioncely
1816,Iew4leuv2,Tonest40
1817,ohRahzee5,Nable1969
1818,oosh0pieQu,Clinguen
1819,quog7Iuxee7,Sondere
1820,heijaoNg3oo,Youripasted
1821,Diph4oom2uqu,Thears
1822,Quu2kah2ie,Vaid1950
1823,foh7Aithah,Mothas
1824,sho0Gelaiqu,Olleefors1992
1825,ieB2theimah,Brosell
1826,aid3Quish3,Habovery
1827,ichai5Foh,Tommand
1828,Eec2oogaot9,Hicarrim1955
1829,Mee9axeezee,Moonce1961
1830,ahTee5eing,Whicen
1831,ugaiXaow2ae,Fortake
1832,eeGah2Ovao5,Trindson
1833,Eozeij9ae,Degiverthe
1834,joom0Bai5xa,Eaced2000
1835,geiRahp5,Faillie1995
1836,euG8Aingee,Hatlest41
1837,aachoh7Rou,Histe1941
1838,ovaibooR1,Hocush
1839,xieng8Quee,Cole1946
1840,thoh0Bei,Abdad1962
1841,IezaeN3f,Tharang1976
1842,yah5theR5za,Imseadds1998
1843,iec0ais1Ch,Hatiound57
1844,eeCah3uuv8,Noulter
1845,Eci2eik9,Aname1985
1846,eiLae2ie,Reple1976
1847,yohPa1ud,Cionew
1848,umeshu9uPhee,Taim1947
1849,ahreer0liBah,Aways1964
1850,emie3Tua,Parunt
1851,Fo6eipheo,Wrig1938
1852,Zahgaeloo9y,Norned1997
1853,aeM6raix4,Comenclater
1854,aez0IeDoh,Cappitst1959
1855,ma3id9aeWi,Pictura
1856,suz1shahX,Plegelone
1857,gohch8Oh,Topmer
1858,Phoov6iNaeth,Combid
1859,Iephei7ae,Wrowspent
1860,be6UuJooKoh,Arely1993
1861,paiNgush5,Gromer
1862,iaz4Ooneeyoo,Calat1967
1863,Eebairae5oo,Lont1975
1864,EePhahze3oo,Weres1944
1865,ish4Soot,Fach1947
1866,Ongieh0uquup,Thereck
1867,OoVier5oo,Thisposs72
1868,Kax9euth7T,Hutche1976
1869,AeMae0bah9,Kinge1953
1870,iepap8eaD,Twood1993
1871,AisaSoh1b,Imse1944
1872,hei6quoh5K,Incrat
1873,Iec0Juokei,Cationexprot
1874,laij9Yaith,Wate1946
1875,AiCe7wach,Withaturaine
1876,vuLuehei7ee,Yourmight
1877,uH4uay6wo0,Puld1981
1878,Aisagh3aish,Goome1968
1879,Saig9Oojoh,Blospas
1880,ohc4SheiwahV8,Theromstaks
1881,eiNeovooku1G,Fating
1882,Ej1zie9S,Blema1966
1883,ahd5Fah0th,Hatifix52
1884,ro3vi8Ohwee,Fuld1989
1885,ohQuifie9h,Momse1973
1886,aeB9ooc7,Moseng
1887,eequah0iK,Thicaught
1888,ShaiHei9,Gibecompas
1889,kahh8Quoo,Riest1991
1890,looXooz3,Yazzle37
1891,sia2AeHee,Suchim
1892,oC8ya1oh,Arece1987
1893,oe5peuTh,Wairds
1894,chohCh7ue,Facquale
1895,chahN5aishoh,Thaposts
1896,Aesaefa2Go,Histailley98
1897,iep0mooVi2B,Dideed99
1898,Woh8she8ae,Theith
1899,uuThah9phae,Fole1965
1900,OhSoh1ahph,Pratichap
1901,uif0taiNee9,Lebtled
1902,uu1chaeX8ae,Canuttle93
1903,XeeDoog2iequ,Begaver
1904,oR1xee8uY,Apping00
1905,IeyieS9sh,Govery1937
1906,UfooraiN1ai,Strater
1907,Ingaiw3th,Havem1974
1908,UzohNg5dogh,Opoetinat
1909,Usha7Phae,Bossuppy
1910,chee1quohQu,Antiou
1911,Fae8wo2th,Hinface
1912,ookiKieL9,Buttephon
1913,Oag0aire5,Whisingerrim
1914,Kov5moochah,Refrowle
1915,Xute4bais9c,Surempe
1916,tho6eetaeK,Storturly
1917,Guax1ob9,Asciage
1918,Eh3Eibaa4U,Prel1969
1919,le8daiHoobah,Dract1949
1920,tahlim7Sai0,Saire1948
1921,Oav7avais6,Scontel
1922,geeHo7iec,Crom1942
1923,emai8ohW1Ch,Frop1954
1924,EingahV5buqu,Wholed
1925,Aez1geithaok,Withatim
1926,Voon2ue6wie,Ralas1956
1927,ahy7aiYi,Hishy1948
1928,sohGh1ia,Onswevarned
1929,Quaer4ieRoo,Contable
1930,iuM2diafei,Woublest68
1931,uSoGhoh7oco,Thatuagaild
1932,eis9Yeco,Blen1936
1933,Veech1phei,Onsed1954
1934,Odeethoh4ie,Manteethe
1935,xiechefi6ahW,Imse1987
1936,touw0Koop,Grindid
1937,EeX8moh4e,Ovestint61
1938,Yaezu6Eexoh,Shenduch
1939,su3ahx1ieB,Shopmed
1940,cahGhi9Hu,Cepteas
1941,caiYi7Zi2,Stogut44
1942,oojeedaSh6z,Ribrow
1943,quangae8Iph,Fliatich
1944,Wah5xa7oh,Armilgen1939
1945,upeinoo5Eth,Yousadvater1997
1946,Wa0eemaiXoo,Eneas1952
1947,iPee5aa5qu,Staing
1948,Jah2ahrai,Alinst
1949,jaiKie5cooch,Thereoper
1950,ib2Aim0I,Baccumare
1951,bee3Eecheec,Marrown
1952,OMif9yoo9,Ress1994
1953,zaiMee9oYai,Fumnight
1954,Aidaes7shie,Thatuligh
1955,naThaeNu4,Crivair
1956,Yoh1ohch,Obesson
1957,li1Zi0zi,Cris1985
1958,fongoo4vuY2,Whisis
1959,ka4Eg5eshah,Samstered
1960,athemeeT4,Trabut1943
1961,aiCho1ri,Forch1955
1962,Pooquaej2,Arrown
1963,oph8Thae5sik,Wint1998
1964,Kaoqu8ea3,Doeste
1965,Chah5shee,Tanwas1940
1966,phoh1anoeJoo,Carme1980
1967,AhX3jo6eiva,Howing
1968,thaeTh9Ei,Momp1987
1969,Tei1thei,Sairy1978
1970,AiphiaTia5,Butionfoned
1971,faH8seec,Siguld
1972,Fah2Dula9,Thandoing
1973,wah6Vee3oh,Thervaight
1974,jooz9eiGh4e,Affix1960
1975,aeK1zie5foo,Motifews37
1976,Meiwu4soo,Gove1956
1977,rie1Ieja,Proy1986
1978,EiCh8ievie,Bactle
1979,quohG2hai7O,Hichy1976
1980,Reer3xi2F,Soletur
1981,choY5Ro2oj,Conly1954
1982,Aima9bua3T,Thintiess
1983,ieYainoh1,Giaten
1984,ohV1heiCe,Tablead
1985,Ochieth8sei,Feamend
1986,Theish3Ah,Youldowerre1998
1987,bohgaiM5Ei,Youres1957
1988,ungoZi5aih,Plegelone
1989,Iejoo4Ahquoh,Nectur
1990,Oi6yi2heel,Cappen60
1991,uZo9eez2oaf,Ablet1989
1992,Iunir0OwiuPh,Withers58
1993,nieHee4phoo,Epre1962
1994,eke8shieT,Queleandon
1995,Ohhoh0dah,Neon1961
1996,Aejeing3ahP,Spested
1997,eihe0Ushie,Thispips1992
1998,lah5iaGhu,Dessaithet
1999,xaet5uThae,Youce1974
2000,Ooqu7mai4,Sugh1935
2001,Iefe7ohF,Stor1959
2002,akie6eebahS,Clund1999
2003,ahQuah6ahf,Samond
2004,Magh4xaupee,Bartur
2005,Gah0shooGh,Alwand
2006,Ar1shoofeen,Lovrearan
2007,eiPhau1Ee,Offied
2008,quagoo3aiNg,Cueen1937
2009,ahth3Thu,Upotter
2010,Quaixoo9Ai,Glas1971
2011,Kaesee0f,Greaver
2012,Ojei1exook,Parattiver
2013,kam8IeJ0ei,Anot1964
2014,yi6iJ3Taek7,Postre
2015,Tei5neigh,Thring71
2016,Za8ci4woh,Cortall
2017,ahth9Riech,Hutche
2018,oMea3Aeb4,Deupok
2019,ieGh4eiz,Regank1965
2020,Tiebae3oos0,Sace1954
2021,jebail8naGoh,Justrassity
2022,fi6Phohsei,Boderstury
2023,Re0eiHae,Butes1975
2024,aenie6Ee,Suchiss
2025,ohb8Wee0,Splentre
2026,vaiKooN5ahh,Warailut
2027,Heayie3kah,Wervelf
2028,eic7AiKiec,Hould1978
2029,OoW3Oa6Ca,Mances
2030,Qua5taing,Agence
2031,iel5Nau3eDie,Iggerstoost
2032,neeBu8eic,Paithe
2033,UCh4do2ieZ,Whicive2001
2034,aiTh0iuVah,Forether
2035,Iera7iVu8yee,Acks1991
2036,EeC5gae8A,Theatien1979
2037,AbeiYaigi2ei,Wortiouti
2038,Aexa8buecu,Affel1987
2039,chaiQuee2az,Nizeed1947
2040,aeSuc8josoo,Oblee1955
2041,Phavaeno8z,Wastille
2042,Mephoomid9,Therymare
2043,tha9Ool5p,Alayeaker
2044,Tohlo6Iegh,Joyfuld
2045,hohP4woph,Ored1998
2046,Wei4eiv5n,Magere
2047,Ox6Phout,Mempity
2048,Nem1oochae,Dideseld1942
2049,zoo0heiLop,Ontowlynat
2050,Ohx7rei5Ua,Nouse1962
2051,na3ach1Ahgh,Neway1985
2052,EK0fai0phoF,Trely1952
2053,ohbohg5OhDae,Wasors1943
2054,nahLavaus5,Trated
2055,Ahth3lequ,Thering
2056,AghiS4Huz,Strans
2057,aith0Iezooth,Ancessiond
2058,foo4Bohr2,Inion1952
2059,ooC7nagh4qu,Thenowearce
2060,he0Ahs6abah,Aloold
2061,saiphaB8ie,Whoice
2062,uechaiv6X,Wernionsinks
2063,Ekee3aichaet,Dustivoling
2064,Iyaix1hae,Omed1942
2065,tho5Ooza,Grins1958
2066,Aeciozoo5,Sque1999
2067,oifaiD1oos6,Cauther
2068,Thie7ookee,Alligns
2069,Ahb6Naphaeshoh,Womer1983
2070,chahSa8tiem,Thembsed
2071,rahqu5Phee,Anowid
2072,zaedoge8peL,Saming
2073,oorah2Aht3Up,Vally1967
2074,Teemei7aif,Therch
2075,Roo5keith0,Whing1957
2076,hohD6Itie,Altakeen1960
2077,Geis5rie,Docits
2078,iFaengah3,Fivocidsoned
2079,pahcaiDoo6j,Owere1986
2080,Ahsheev9z,Theatien
2081,Aengohqu9A,Pleine
2082,aiXap4aa,Prough
2083,eiShec1sai,Thece2000
2084,usohD6oos,Hereinitoor
2085,oGie9suiS,Nothey
2086,ucieShai2sh,Buttere
2087,iy5ohGhesa,Wujustrair74
2088,rouF4ahyi3oo,Sectud
2089,xeig8Eijaph,Forray
2090,oiGh3ahn,Fromastlese67
2091,eip5EeLohD,Unuter
2092,ohx0ua2Oh,Regingescom
2093,Soibei0zae,Theneltand
2094,maexe1Evai,Tover1973
2095,eNeiyah8,Senclavoked89
2096,Ho7ooquie,Intionct72
2097,EiD7ahsh,Ittes1951
2098,uchaizae7Ie,Buntind40
2099,Ye6kee5lei,Bincepuld
2100,xe7Naib6Th,Witurn
2101,aiveechac4Oo,Yould1952
2102,oa8KaihuMoh,Tices1958
2103,aeLaiN8shee,Knounge
2104,loo1Yah0jee,Witherythe
2105,oB7eicoh,Viong1989
2106,ahdah3Qu,Legis1990
2107,Eesh4don,Maying
2108,Eigie7kac,Sprevelink
2109,Zee0ieceixu,Anat1937
2110,mobaexoo3Ee,Ockywhe
2111,Pa7budamie,Thicate
2112,Daa0die4ee,Thatedge
2113,MaeCuhoa4,Haterreact
2114,seijahB9Zoo,Andled
2115,aey4eeCa,Capost
2116,iej1Dahyeroo,Nablowand
2117,Shoep8fee,Occeslight
2118,shooR2ieshu,Vithembity1981
2119,iunoSh0f,Poeshered
2120,keing4Iequi,Thenith1977
2121,aiYuZ5jahm2,Theirturavid96
2122,uwuafieNuo1,Millan
2123,Geequang0,Justort
2124,eih9fu2Iemah,Hess1946
2125,xah7eeC3,Oppon2000
2126,aiLad2ah,Waseat
2127,oBeupif2qu,Vitheartat
2128,vei3Shie,Licaria1954
2129,uxeV5om1,Hiplace
2130,ahtha2Aigae,Folady
2131,ieChuKu9,Roak1969
2132,bek1Hohlie,Thriasself
2133,Aeshiufah0,Actiumad
2134,eWai2choh6,Liless
2135,Pohk9UQu,Enterce
2136,Ohgh5shohD,Magned
2137,ulee8Au4,Waidamight
2138,PheXie5l,Wireds
2139,ohg0aW1aht,Untrove
2140,oNo1aet2ha3,Ruspinfirl
2141,ohDee3ie,Twoult
2142,pailohL5Ee,Appithe
2143,Jooc2cie,Vilt1997
2144,ooLesh2ei,Agger1985
2145,Eiphiree3,Aidly1992
2146,joju5EHai,Sirery
2147,Zie1Ho7Ee,Spont1980
2148,iethoaPh7ae,Uperte
2149,ooz8Gieshie,Afflumad
2150,Yaemei0ie,Lifus1949
2151,eerie8Zai,Thearegaven
2152,Oow5iojie,Safelip1967
2153,Faenaij2u,Reme1985
2154,Goh2azac0S,Cablame
2155,weeCei4Oo,Theraid
2156,fee8aiWi0,Soces1987
2157,ohMoe8Eepie,Whatier
2158,Kohkein2sui,Beyea1983
2159,aoHo6am9aig,Himper70
2160,uqu1ieJ0gae,Arece1948
2161,ez6id1Ce1t,Kingliturt
2162,phohfah8Ai,Builithe
2163,eoPhaece7ee,Lovence
2164,oi5Eenga,Thoung
2165,Phoh4rae,Wever1950
2166,uac7akaiSh,Spergazed
2167,ieKi1aiph,Humorstoo1978
2168,gedoh3Ein,Unbut1960
2169,sahsaoNg2t,Forthand
2170,fohChie8,Matuareen
2171,wiig3ruM,Gisman
2172,dooz3yaeV,Pricien
2173,aeReeS7Eib,Eposis
2174,baej0fae5Ah,Hichords
2175,AeTeibuoc3a,Dageter
2176,hujieb8Piing,Clegive
2177,zuD7eigao,Surnoted
2178,Aim7ia7N,Theingly
2179,eehuN4Apee,Mosearold
2180,eoTuYae8aod,Exprind
2181,ooShi0ThuSai,Hasheivates67
2182,reo4sahH3ch,Thadvert
2183,ugai7IHae8aph,Evin1985
2184,ohkoo8Moo,Tervind80
2185,eekoo8aeX,Sawrier
2186,AeW2chey,Unation
2187,Aech4hohPah,Buyince
2188,aeGhoo2eid,Begg1996
2189,Kohnah7r,Couress
2190,uveat5hoa6G,Warrature
2191,ooHiel6eimoo,Grany1948
2192,Xeitho4chu,Hadful
2193,jaRae7jei,Gicts1940
2194,Ahaeg7Zuph,Ocat1944
2195,Meeg8Beed5E,Clening
2196,Bah1DooJooB,Youndected
2197,Ait3yeel3yaf,Ablued
2198,dua3Cahth,Thearle
2199,vaZuinoo4Ie,Sory1998
2200,we8waiTh6,Stogut
2201,Ujeegei3uyoh,Dayebefigge
2202,iBohb2eema7t,Lact1947
2203,laiB0ooSh,Reary1945
2204,eij0eRaaphee,Donvorged1986
2205,quooPhei0z,Blaccurity
2206,phae5oag1See,Hiculd2001
2207,muiSio1v,Xyling
2208,ahk8ohqu8Bay,Bearks
2209,Cie6taht,Manowild
2210,uChookee9ei,Eseriver
2211,saBooy4ie,Tharne
2212,keeYae8iph,Neverly1940
2213,aZiugh1pha,Potalet
2214,phio4UzieQu,Toont1972
2215,aekaeCu1,Altond
2216,EeZe9laic,Comenis
2217,Cu7oeF1xoo,Seemand
2218,Ohreigheic4r,Exames
2219,aisho5caeP,Hisomfour99
2220,oh0Ieph3Oh,Mince1999
2221,cu3uth8Wohh,Conory
2222,aiHei3uc,Gick1992
2223,OoGhah9au0Ee,Volown
2224,wol9aeLoong,Incer2000
2225,theJe1Ee,Andess
2226,shei5Chaex4t,Whattlial
2227,eiphoh8Ah,Wilty1951
2228,Xa6aaJei,Contable74
2229,Le1ItiaGhuc,Ablike
2230,Eexeele9Ohgh,Pachise
2231,ou2Pe1aeng,Mics1998
2232,Qui1Quoh8oov,Weizing
2233,hooKee4c,Prideaught
2234,baiFai1v,Krourstage
2235,muothiey1Gei,Thicalin
2236,uaK2Chei,Puzed1976
2237,chaiVi5d,Whal1985
2238,eiVengi5do,Knorkmer
2239,mae1Eecu,Vipinted
2240,Ay6pookee,Leting
2241,wa4aechee6T,Wheirlemse91
2242,Aeme3ar9pah,Forrawford
2243,ooY1xoy3,Tins1955
2244,oshieMoh2,Drave1943
2245,eiroo4zePoh,Thilimucks
2246,Eir9ooxa,Witive
2247,vieBooth3Oo,Froorm
2248,oovei2Ga4oh,Anob1939
2249,iNge9ke8ae,Sumessneve
2250,ro3weiChee,Fultank
2251,ec4kohSu3ah,Sevoy2001
2252,ooquei2ez7Oo,Beirsinglat
2253,Tahfoo6phei,Junashe44
2254,ueBuPee3tai,Soffeas
2255,Theuchae7,Sude1944
2256,eiQuee9Ite,Appirdsmanne1964
2257,Me0izu8u,Hiciand78
2258,shaiLae6eet,Marfes
2259,uLiev5xev,Revend
2260,Shiel4vee,Beires
2261,ooC3koo8aaqu,Calice
2262,Bahkoo1is1ie,Dockliffirm
2263,shiuVufu7oo,Scame1946
2264,tei2eNe0,Thiparract
2265,Sahc4ko5n,Proat1945
2266,zuW0aej1mei,Crautepred
2267,thic1Cu1U,Eveng1988
2268,nei0eir0Ai,Thertheare
2269,Aigai8eeso,Tocalf
2270,ohfey6Iz,Herithen
2271,chu4OGhee,Haffigir
2272,aefiKooc3eng,Tholuthe
2273,coobik0of9V,Thenting
2274,ieta1Asoo2i,Dusted
2275,woNgo9phu,Dawlerento
2276,Aic8hi5ohha,Doind1968
2277,ahtub8Faesee,Hatiltas
2278,IequoW0y,Felsou
2279,quahrae2O,Prommore
2280,Eing8ier,Quited75
2281,ge6aeGaig,Evours
2282,moh0Aghek7ei,Overed93
2283,ais8Eequ,Thold1978
2284,AhcieReo9sh,Reptany
2285,ooY7fieh4rei,Faillims89
2286,eeGhaeth0,Wareir
2287,gaePh0zoxee,Adisred
2288,chai7Jeeth,Honow1996
2289,Oomeek2th,Gonell
2290,coJeir4ro3x,Wrontined
2291,huhu4Ush,Tritionver
2292,Tohv5iSh,Etione
2293,pheech4D,Hishencon
2294,Shee2chah,Steat1968
2295,Hoo0eeT3ei,Indis1971
2296,ooGhupo7X,Camet1969
2297,aicha1theV,Lithend
2298,Eis5ooNgie,Faideark2000
2299,xu4Lae3keech,Forrounce
2300,leefai3Yei3,Thinint
2301,eihotha2Ah,Suntinxion
2302,chux3Oughah,Eccoved
2303,Leo2ai0ucie,Ephat1946
2304,eingaiJ6ai,Smappood
2305,Daex8aica,Dity2002
2306,iegeiLai0,Butenway
2307,sai9Ahng,Abort1936
2308,Ahthahj5Qu,Dandreepild
2309,Aiz6jeePh,Thaposts
2310,Teifeej9tu8,Facking36
2311,ulae7Ong,Buth1955
2312,upohVae8,Wourn1997
2313,aep8Eikive9,Alearand
2314,Aicoh7eer,Wassilleyert
2315,EiPh0Jai3zo,Thavat
2316,Chohngaeg8qu,Proce1983
2317,AiGhu2Ungoh,Soughemair52
2318,phae3Aenooy,Delitth
2319,zoonahV2aSh,Ereepliefor
2320,thung8Ain,Sountood
2321,ooJ3bib4ta9,Capand
2322,eJeech4uo,Peare1963
2323,za1au2Wahpoo,Hichislon
2324,Ohshooh0D,Triblend
2325,aecheiC3naa,Haked1984
2326,eGhaik0Zah6r,Evicanciat
2327,Voo7aepai,Wiltoped
2328,Zea3ahHahH,Friontromes
2329,Riseer8di,Counly
2330,muRies4shie,Achat1951
2331,daiz7uMu0e,Poselle62
2332,iRee9uot9,Lifing
2333,ait1ooP5chee,Wasterip
2334,Cied8feiS7,Verea1999
2335,ooPh5Meev,Defe1994
2336,KieK8jeih,Drand1973
2337,PooN5eesur,Rephrenothey
2338,Low3UChooj,Apither
2339,oaY1KaeRiV,Ginge1957
2340,ka8Hah3cai,Junter
2341,Pae9mim9ieph,Delver
2342,Einaing6ph,Youck1986
2343,uR0aegoRah,Lithervithed
2344,ohv0Quua,Squitteord
2345,aiZ0Eij8Eech,Rore1940
2346,AiLoo1xoh,Saidelf
2347,meiShahh7ah,Isfuld
2348,wouR3loojo7,Dellittef97
2349,hah1hihieCoh,Thationstery98
2350,choh2ooMaquie,Andids
2351,pooHa5ah2qu,Blers1960
2352,aemaexoh0Xu,Geoll1959
2353,eiPaa1eihah,Anin1966
2354,iu2ooz4Ohhai,Supoer
2355,Que0Ilia6o,Beirinked1947
2356,vodooJuug4ah,Edwou1993
2357,ooNgeish9U,Regank1968
2358,ub5Ahlei2AG,Laugge
2359,Thateengiev3,Havaily1950
2360,eezohzu0S,Thught
2361,thai5oNoo,Beent1990
2362,lez9Nu1ei2,Alled1977
2363,ahng5tu0Eim3,Chims2000
2364,Au6hoova2,Frethe
2365,tieg6aeH0Ae,Rild1958
2366,Eewah1lee,Ghave1969
2367,woor5oNai,Doper1951
2368,Pag0woo0vie,Dought
2369,Oqu9ya5uoN9,Carold
2370,aeQu2ahYa,Storthe
2371,sho8AeThai,Woughat
2372,phoezahShu6,Folefornim
2373,Chi1ohh9xas,Youghtely
2374,Oobogoo0in4,Darriond
2375,iluC3ahfai,Greiviony
2376,Cho1Gaveja,Buffive
2377,Vi4baeyei,Quichishipt
2378,pushi0Ai,Hatestaked
2379,Ohv0gei8Fiech,Thadvan
2380,taeS2eita,Thentle
2381,ohhahce3Too,Difend
2382,phae6Ta2jah,Yourstrather
2383,Quahdee2s,Adelthe96
2384,nuleiHeiv4z,Vinal1947
2385,Aih4iemae,Givereat77
2386,Zee3yieghei,Youd1978
2387,IeGu9voh5ei,Leoplike
2388,ohV1thohThei,Milteven
2389,uY3eiS4pah,Dreatenty
2390,Xaig7jeej,Obving1982
2391,fe9Geik2,Borlive
2392,Oov7eeP8,Carecter1967
2393,no5Quahx8Y,Tobst1972
2394,kuThie1th,Sweeme40
2395,aimeech9Om3,Withold
2396,xah8ahB8aiz,Linsomont
2397,ooVizoYauh0i,Gueed1999
2398,tie5paP9Ei,Nionts
2399,ieYel0aikai,Geopecas
2400,ainoY5ohk0,Satho1961
2401,shiacho8Lea,Thowite1996
2402,EJaoj0AeF,Hingive
2403,vie9FeHue,Beareseser
2404,aet5Keish,Thossed
2405,shu1Foyoh,Roperrin
2406,Go9sahtae,Agaven
2407,zohr5euY,Viste1962
2408,eeXoo5UeRee,Arrown
2409,shaeNohj3,Drusectur
2410,ig9Iseing,Nobled
2411,teiQuoob3,Esifer
2412,ook9soo9oNie,Dair1998
2413,eeNg9ahtai,Domesed
2414,Em3oongah8Ai,Russ1992
2415,aeteSh3n,Mith1978
2416,ooJ3aeyai,Quied1970
2417,Aug5OighaiH,Whince
2418,OoYeil1D,Poray1939
2419,Euriew4ong,Upord1979
2420,soeth1Eun,Mempeng
2421,ooyu2AF3mee,Hadvingrow
2422,aex0xu5iu8oGh,Fromad
2423,uThoo3edi,Whounis
2424,Cing3eLah,Swel1984
2425,jeeLe8ie,Womme1999
2426,aiRaiShu7s,Thome1993
2427,eeC8fieth3,Beho1992
2428,PhooXa8die,Liis1996
2429,Umie6hoh,Blem1961
2430,EeP3Peithu,Liffe1979
2431,ZiSuh8ai,Lauto1979
2432,AipeeGh7iec,Youren35
2433,pho3Phohb,Audinity
2434,eikeeWeiP2,Wituarmay
2435,aiNgoi8zaey,Whisente44
2436,ughohT8phi,Thret2000
2437,jae8Woo2Ao7,Himen1966
2438,ibem9Ahth6,Fousteme
2439,mi6aaChaax9,Solow1984
2440,Thu7laht1Ing,Andon2002
2441,ahcheeC2,Mals2001
2442,Quiepei1,Ankils
2443,Beez8BaJagh,Hambsood
2444,aiWusah8ooch,Sudded
2445,mieT8soow8Ah,Thatche
2446,Oochiph0,Launhand
2447,cheecahW4m,Lonot1943
2448,ji7boLooshu0,Sandid1956
2449,ShohGo3xori,Clinking
2450,keshae4Quoo,Dits1990
2451,Ith2jamuong,Knoter1995
2452,thohSh6Eiph,Hicing
2453,Roh2vaap6oh,Momed1952
2454,Phodu9ohl,Hisiblim36
2455,muJ9Oof5so1,Tanderies
2456,Miefa3ozah,Efuld1970
2457,eiB4oi8Usae,Shened
2458,eneey1UDei,Taboure94
2459,quuxo4AhCh,Hompalatcho
2460,we6aeSha1,Thency
2461,vaeS4we5Oo,Therlhe
2462,iToh1HeeceeD,Beack1972
2463,EiLu3kah6sh,Dound1991
2464,Vie3cahh,Maying
2465,phee0dooXoo,Stound
2466,oth4ohbiCaL,Proself
2467,eih6quah1L,Modyette
2468,saec4Aena2rah,Norsestay
2469,ro8ii5Shai,Refor1936
2470,Eif9miiZi6,Dustrads
2471,lah5amoS0yoh,Susuct
2472,bieseuYix6p,Somptince
2473,ai0Vu7aawo,Thesent1956
2474,cheeSh0Qu,Lottly
2475,gahvae5Ch,Fancessid
2476,do8Kifuoj,Comead
2477,OoQuo1yua,Trathem
2478,eelohd0Ooth,Pabis1963
2479,Aijongogix4,Therchappog
2480,sheaChiec3,Extedir1950
2481,aiJie6engae,Gothys
2482,aequee1Ae,Lentand
2483,Oochiv5u,Havers
2484,Zain5hei5,Whoulet
2485,cha7Ooroo,Flaiddre
2486,eGieJohae9,Wheirs
2487,niu6Ei3ahqu,Allone
2488,iPhie6riu,Cher1976
2489,NoY4poov,Youstand
2490,uNieD8ph,Thady1973
2491,Ael9jee4U,Himighar
2492,eeva0Eoch4ph,Ponnod
2493,inieJie9sae,Ladmis
2494,uedo1ieF4quai,Didet1956
2495,Eic7aihei9Iph,Whoultall57
2496,aex0meiKae,Alky1962
2497,alie1SooSh,Ineclovent
2498,eenieKai1coh,Hicat1990
2499,saDei9thei,Hady1938
2500,Do6Doo3gui,Massionsuble
2501,Iw8she5th,Couser
2502,Chee0eiRo1h,Therul
2503,koofooG8,Ansings
2504,le1ood8aeCh,Prots1948
2505,Ci9xeimush,Therithe
2506,Ye1ohngae3,Fromme
2507,Oi0yohxo,Kepon1985
2508,eis2Koh2oo,Johasked
2509,ual0quaiF,Therong76
2510,iYuYi6Ai,Bild1945
2511,epuxie9Mei,Haverse
2512,aiPeat6thae,Thentoorglan
2513,UcohchaiTie8,Whateney
2514,Xe0HohLaing,Mustent
2515,aiGh4Ezei,Anksat91
2516,eihi9Deibo8sh,Judden
2517,UedaeTano4,Nectiong1957
2518,oozaXoh4,Pand1938
2519,ahg0uzahK,Vailes
2520,Eek3ohn1Ee,Wentis
2521,phoh5tieShie,Obte1950
2522,La2dai0k,Thonflused44
2523,Roo3mahmaeng,Cind2001
2524,quaeP9daiPh,Makentance1958
2525,fuGeug1sood,Anings
2526,AhnahC3aeneg,Cherthem
2527,jail1wee0V,Letly1965
2528,ahyoo8aiTh,Ances1945
2529,caichav9B,Menturn
2530,wungeiJ0Rai,Penot1955
2531,uom7Diwei9,Glead1995
2532,Bom7bohFeaph,Unessight56
2533,TeeshaiSh8ah,Lumseforme66
2534,ko8puFoe8ei,Toor1951
2535,veiko7Foh,Suffell
2536,yooqu2ohFae,Pappring
2537,yeoShahgoh8,Scas1936
2538,Ooxair8cha4,Jament
2539,taiPhae6I,Trusight
2540,aeTuezaed6A,Gial1986
2541,Eigh1eefozei,Critheryou
2542,eN0paixie5r,Anninallard
2543,oob5sohHog2,Pook1966
2544,heir7Riph,Therd1959
2545,EeCho0Vah,Plesseity
2546,Xohmooyai3ei,Whictibed
2547,Iorei7oa5Gai,Repask
2548,Vahloop6bo,Dien1998
2549,tui4Vohph9,Offirtansay1998
2550,ahLiLae7soph,Quilve
2551,nieVei3gedah,Spich1948
2552,aay9nieKee,Fishe1961
2553,Xiu8oojee,Traind1957
2554,aire8Fae,Youred
2555,biMushasie7,Berstionshe
2556,lesagohQu0ae,Thounce66
2557,EPh7xeeRaef,Afearighted
2558,mu8ieVaukoe,Biridwincee
2559,ech3eedaQu,Murn1974
2560,Phiewai1e,Whicessis
2561,IR8Zo0oow3Y,Upolliveng
2562,aiv3aeNgu,Samond
2563,Eehie1rei,Mility
2564,eigh8SieC,Theable
2565,ahph1ueVee,Butted61
2566,EV0Chohleb1,Mals1987
2567,ohW0ohth8roh,Elons1987
2568,VieDei4j,Spait1965
2569,Sah7Yoiph,Pries1965
2570,yeb2Goo8,Lectifes
2571,teiKai3oh,Llostastings
2572,Iet5ea4ehee,Patern1972
2573,Oog6our9di2d,Withinst
2574,Mui0Oocuo,Ancer1984
2575,maeR5Phu,Clavory1977
2576,nai3fe6iWoh,Conat1988
2577,HuPieg6yi8i,Nuse1935
2578,AiF8Phushah,Beents
2579,soo0viePhaa,Arithe
2580,She9Eeg3ae,Iltor1944
2581,eith5wiZ8ie,Larre1996
2582,SialiPh2,Peentwer
2583,iegeiR7joo,Mulon1986
2584,wohQuae3,Wassing
2585,toojoigh2uG,Oldle1965
2586,Gei2ohpheifie,Villy1941
2587,Noh5Iengae,Marithere1965
2588,Oocaig2ei,Eatied1969
2589,yohSheer2,Mignobt
2590,eeyuoL3d,Beesse
2591,Oosh2oTa8m,Grathand2000
2592,Yo0Pi0aidi,Whingle
2593,tee9Peex,Squeseseen
2594,sohYai3Dee,Pokentedidly
2595,Xee3eeHii6b,Twourvis
2596,Beet8Die7Ba,Gooked
2597,koo6ahGae,Famishat
2598,aing8Eeneiph,Noubtly
2599,Eisae4ue,Eyettaking
2600,weK3eebaiv,Whinty
2601,oom4aeL2P,Promp1993
2602,Ooxeiy1qu,Yarstions1966
2603,ohth4Yie,Hishousy
2604,eec2phei9Oo,Founs1938
2605,Euheo5baigh,Meaver
2606,faew0Yoayee,Poseeut
2607,vaiv1sei9G,Abirloyst
2608,za1aiKai,Brimmould
2609,thiesohBi4En,Brerefrommen
2610,Ax7aep4eeng,Tweve1965
2611,xahThieD3,Sead1956
2612,taCai0cothee,Himard
2613,Iexoph2hei,Olis1995
2614,uaDoo3bai,Wassent
2615,ooF6eev7E,Wizance
2616,Xie4aequai,Ponever
2617,Queyeel3ei,Haing1979
2618,diraeRa0ie,Fristruither53
2619,OoG7ieCh,Facher
2620,hahMi0oox8,Poselle
2621,ahz1iemaHin,Sperned
2622,Faipahn8sh,Colooring44
2623,eJ4ahwub,Obving
2624,eexie0Auyur,Therep
2625,ohKohf7je,Histreas
2626,ooVaibaen6Sh,Forsoust
2627,ekoh2Eith,Courrie
2628,Nom3thung,Raident
2629,raiheeW9eid,Doesire
2630,soh6Soushie,Yesett
2631,ya5aGiul3ae,Thessid
2632,Hohphi0l,Andifter1949
2633,fohToo0oh,Leacee
2634,ja7Ooghea,Suraces
2635,aeTha5AiSh,Befloons
2636,Aishiel2ch,Rectess
2637,Lei6aelei,Whosseem
2638,OhPh0eewie,Onsere
2639,Aid2ai0she,Glest1998
2640,Akie7iepoy,Scoged
2641,ve6Eigoe,Wolut1989
2642,AKoh3pab0D,Tobsers
2643,ooGh0cho,Ketter
2644,aoHi1fae3oC,Hass1958
2645,eiMeel2go9ch,Didich
2646,jeYaaL7n,Monstither
2647,xeel1ieWib3ie,Tionve
2648,Laeb8aichae,Ingeng
2649,Evaewecung1,Whortiter
2650,iS4quai6pae,Prut1991
2651,Iimei0ai5,Arimand47
2652,men1uMu5Ie,Upposted
2653,xa8vo2Aewie,Vinfer64
2654,ieSo4kaeth,Esturne
2655,teiN6xeep,Verody50
2656,ee2iCaxoo6ie,Parowde95
2657,pho2ahBil,Degave71
2658,Cee4Aepie5E,Lary1996
2659,cae1Eequo3,Assaings1948
2660,Wo6sovee9ie,Saidesehis44
2661,uJ5sohgh5Oh,Firelp39
2662,die9Tang,Imedgme
2663,ohG2ohfoh,Motip1969
2664,dee2teeK,Suicannout
2665,eix3Chohg,Elbectern
2666,ohPh7naamea,Knered
2667,Weekah7le,Sclows
2668,ieHah6ah,Amome1958
2669,Eixi7aezah,Alem1972
2670,iel6Xaezooph,Sonly1950
2671,ooShoh3vun,Thenton
2672,wool3Oehohs,Stainges
2673,ix2aigah5Loo,Stooks
2674,eD5tie4mei,Hishe1994
2675,OdeeZae9,Mandivensept
2676,eiChaew0i,Deadelay
2677,Hoozogohv9,Wintonsts
2678,ki1Iepai,Ninespere
2679,Ozie1ulah,Beglinver
2680,PooL2iwe,Loul1965
2681,eiBiXoo7ei,Alievespecon
2682,ohna8Haiha,Forut1956
2683,la7nua8Chei,Lignouser
2684,ooriegh1Qu,Dughte
2685,bequ4Aen,Arefling
2686,Voochae2kai,Sciewher
2687,Ca3ieyothuJ,Warithassaw
2688,Oghe1eic2ae,Thorger
2689,Che8ooNei,Takalond
2690,PheeHoo9oh,Expre1941
2691,caiy0ooG,Bectence
2692,zeir0dohPh,Nowasivem
2693,yee1Bachee1p,Anorthems
2694,mohc5eeL,Loffiry1986
2695,mak2Baeng0w,Faren1946
2696,ieGaitu1eech,Turatillad
2697,ig4aiwuu7ahY,Sarren
2698,shah2Aiteeka,Fuldn1996
2699,EiX5ooWi2,Wisecon
2700,ChechaeB2,Thile1994
2701,ib2eeZie0,Marned
2702,aiNeeZ5Ei,Hingeathist1970
2703,ohm3ca4OhV8,Mrsereable
2704,johGhoh1oh,Arthemeder
2705,au9Ye0wah4ee,Promese
2706,zee0iTh7ux,Manduted
2707,mooGah5yu,Preggly
2708,osh5Quuo,Chrea1976
2709,ea7tei2Qu,Rundood
2710,eeZiechech7,Soleass
2711,foumiWe8Ba9,Mintwoubity94
2712,ooc1dohGhae,Dissency
2713,aetei0Ieth,Freand
2714,xiaph5eW0z,Boupeshorter
2715,uR1iexeej,Whorm1968
2716,ahtahk2Ooc0,Hisee1937
2717,uf4ohch6Nie,Werse1994
2718,ej6kii8Oh,Yiall1944
2719,aiN9Saiph,Equilad
2720,xoopaiG8Eiph,Youland
2721,eeG5Aexoow3,Trustre
2722,Uo3nai3ish,Strien
2723,hu6eiLee5,Prizing
2724,ax8Oojohth,Eatursess
2725,Xieteque4i,Haske1959
2726,Ief0aas5z,Aboaccon
2727,shohc3dieF,Remon1993
2728,Eit0reifaed,Andur1948
2729,jied5shaM,Vends1986
2730,shohze3cee9Ah,Drife1963
2731,oujavuLoo3j,Sedgerhy
2732,aiph3ieYeze,Agul1998
2733,Nei9Noh0p,Drigat53
2734,rahs4Thee,Ackles
2735,vigh9aeRah,Notho1973
2736,Aev3aeNg,Applad1998
2737,aeLuejai7ha,Wassied
2738,voh9caet4Ia,Exonfixer
2739,Oiwae4iequ5,Grall1945
2740,Ohf6lueBee,Refes1956
2741,Ge0iJeen2ch,Madve1957
2742,uyahTie1air,Thenandtor
2743,ohPh3ShuBu,Aftelly
2744,taeMie8oh,Pricetoody
2745,Diex7Oeroh,Alippon85
2746,Kae7eish,Wolut1950
2747,yiC1eiD2Bei,Becouby
2748,shohhieT5,Undan1997
2749,ceej5Ooph,Oles1980
2750,Ohfiech6ich,Abad1959
2751,KeiH4ahof,Sapieverever
2752,fieDea4IeFo,Fies1948
2753,oojangoo4A,Engstiong
2754,ieDahTah8r,Youbtlears
2755,quu4Jeiqu5g,Squith
2756,Eng2iesashie,Hisce1990
2757,icakohF9ee,Manch1974
2758,eedaesh6Fai,Manneve
2759,vaeCah8iequ,Alem1995
2760,jaqu8iYu,Wonelf1948
2761,maoGiash3Ei,Hadis1963
2762,aeWey4izal,Acell1943
2763,uchei6EgeiS,Loded1966
2764,xohmai5Ba7,Coulut
2765,eF4Phuu8,Nowily
2766,Uo4eiGie,Actomithat
2767,Ceeguxo9,Wifew1990
2768,shua8Yeing,Nardsm
2769,Ievah7luf0ei,Debragamesse
2770,ohl9doe2Lay,Wroody
2771,Ang0qui9sasoo,Africastred1980
2772,nu6geu3Quoh1,Ancen1986
2773,chexo9uaVohc,Bearance
2774,eiL9oox1Oh,Wrouse
2775,ak3aiMae,Alcull
2776,maePie9choo,Twounwhe1972
2777,cie0ahf3Shai,Acture
2778,Yiy7ip1a,Pothead
2779,vooQuahch2d,Prilese35
2780,Lei6oiZ2ai,Baced1956
2781,ohJeciQu2f,Pady1937
2782,Aedot1iqui,Stlemed94
2783,uey7ooraiGhae,Slonsune
2784,ciucho0Bie,Uplarn
2785,riev2ofaiBi,Suresse
2786,eetiiCh4oh,Forearry1984
2787,chaiNg6Ish,Evexcusbably
2788,Ohx2aasie,Heaver
2789,Oosh9Ainoht,Stens1972
2790,le0Ohngaiz,Stented
2791,ayeWee2ei,Taks1944
2792,Xee6quookej,Himorat
2793,Rahk5feithee,Exciall
2794,bu2Tek2Shoo,Jurnerridich
2795,eem8Vaizai,Squished
2796,bahgahS2Ofoo,Orsespach
2797,bum3eXu4Ah,Numbecring
2798,ahC5baek5it,Ophymplariew
2799,dee8eiTath,Mell1978
2800,aeM6quoo4ah,Frapter
2801,teexae5Ae,Wastone
2802,Yaesa3ae,Adminaraince73
2803,imi9Ahgoh,Hardeven
2804,saivoL0rai,Teps1952
2805,aiNg5Ahw7,Sherfeappor
2806,Eat5ahD8o,Leas1963
2807,aigieKahf4,Arge1943
2808,pahs7eiX5xei,Himant
2809,aegh6Aeph,Coldnew41
2810,eegaeCo7oh,Reptit1955
2811,Ish1ahbo5ei,Leffift
2812,po9iequ5Ei,Dampt1959
2813,Ku5lup3zoop,Boupeshorter
2814,Beef1loh1,Yall1995
2815,aingoi3Jae,Anound
2816,taiz2noh6Ee,Otheaked
2817,ahL8eeyeiL,Frownd
2818,Eiyiu3va,Haver1971
2819,Aeghee0bae,Tume1948
2820,ahY5aijahFei,Pentrong
2821,tiZ3xogh,Neand1979
2822,Iegi2ahGh,Onancery
2823,EpheiX9Eif,Arrinters
2824,eniekei7AeYai,Traid1969
2825,chi5Sha0ai,Woemorre
2826,XiL4Eicheoc,Columponce
2827,Jievah0z,Comarrid
2828,aiS2heeSh,Protiong
2829,ahrae0eiS,Thimerse
2830,aeXephu4ka,Prour1947
2831,eh3auQu1Ohv,Feemphynead
2832,maen3aeKai4,Sturaccou
2833,aa9aiJai,Rabliver
2834,feiXaa9ti,Whem1954
2835,Too9geigoo1,Yousted
2836,Iephujor6hi,Eartak
2837,Ahh2ohl0Ee,Feenincese
2838,Ipe8koo6eigh,Selard
2839,fi1rahVie4rei,Ockywhe
2840,ohZee7poo5ie,Sonset
2841,Wo5veeB8z,Ungs1944
2842,Ohp2shokeez,Youripasted1985
2843,Phuoghaiqu0,Insittlyse
2844,nee7FiloiC,Waskind
2845,AL8iong9p,Saper1976
2846,rieh9Ho4Ohr,Makentance
2847,Ogh1quoohoh,Mighthe
2848,Ee2viPook7,Wolk1944
2849,AhX3toov,Maystionite1976
2850,phai8EeC5ce,Chader
2851,Oht3ma2eemee,Porybouted1970
2852,voov3Iab,Retraid
2853,ooB4bipoh,Belially1943
2854,or6AGheexoo,Knotnint
2855,Uuxixie5cei,Deparose
2856,owai8Fei,Ephiculd
2857,aiN7eip1ieph,Coulart
2858,umuGh1ashos,Amiled
2859,aeg5Rahtei,Unat1953
2860,aeWeHo5Die,Hinte1990
2861,te0Chuacho,Hictedy
2862,ro9yathuuG,Lecom1965
2863,aeg7Ohfe,Nizips
2864,gooQue5th,Expithis
2865,boexeeFeeve3s,Lorm1987
2866,hemee4taiGh,Didese
2867,eiYu1Feedoos,Othissitirs1988
2868,Hai4OoSie,Arefling
2869,tood9zu1Oo,Higuess
2870,ei1reipho4Ai,Steepire40
2871,chacee7Thee,Qualmst
2872,ieLe2cua9,Arruithe
2873,Foo0iech4,Vold1991
2874,aiNgooza9,Witim1938
2875,Ciew4gui3uP,Duerse
2876,nae1OobeeGee,Keeduke
2877,ohGhaih3ph,Hisherring
2878,XoohePah3,Shoveroacto
2879,lish4Ou5H,Whas1955
2880,phaoZae8c,Wayincer
2881,iekah5Ae,Acquaid
2882,ieShae9cum,Yage1959
2883,ohnu4air1Bae,Fortall
2884,aiC1ais6goo,Somponts
2885,eW2sheisei,Tratimely
2886,Eeph5sohNai,Pronow
2887,weiQuilo2Oo,Colad1947
2888,Rohmi7aer,Frooking
2889,Eeghah1Xi2m,Mighte
2890,Ohb0beeSh,Sheining
2891,te5Ukaengah,Boally
2892,fu4eaVaet,Huren1990
2893,Chiech1e,Diestlyped
2894,dae0mohY,Ponever
2895,iewae8Shah,Lifforess
2896,Oogho8ieghae,Thilove
2897,Keeyaepoo5Oh,Hartand
2898,ahp1paiY,Struch1961
2899,Guashah7sh,Mortich
2900,Ohyaiha5ooJ,Suprenly
2901,aik5PhooWe,Commusithad
2902,XouS3koosh,Hatterich
2903,Pikaechai5s,Utupost
2904,Bichoif2Ah,Sporrok
2905,eemoh6hohH9oo,Thouch
2906,yiTohk4Di3Oh,Finighboy
2907,meaZ1eedee4,Ough1962
2908,ou7Iu5Ne6ph,Boise1967
2909,INepoo4liej,Excluser1968
2910,zooji1puZ,Murge1980
2911,euFu6inoh,Shosine
2912,xah5Cheri6,Therec
2913,ohph7pi3Sh,Coudescres
2914,Ieb7shoh,Oweept
2915,Nai3eelee,Fuldn1971
2916,ielaeju0Ah,Lidantollas2001
2917,nie4yoh9Ok,Ocuslike
2918,Ahx2cai4koo,Tworris
2919,ohir4EX8epee,Whowerromed
2920,ahChee8uph,Comicaret
2921,aiy4uPh0,Knopor
2922,eeM3xiech,Fifienew
2923,douTieree2E,Neving
2924,waigh1Choo6,Incere1950
2925,eeph4gie6Iel,Intond36
2926,ieSh6eeT2oo,Bobloventold
2927,mieVoapah7,Lacquit
2928,CheeGh3oh,Uple1945
2929,iom2OoW5ahj,Tionce
2930,beigh0Thei,Carapt
2931,aeteiZe0Aek,Sishe1988
2932,shaa1Eish9I,Coment
2933,uoGhuu7omu,Stemodgme1970
2934,or1Eitoo,Terful
2935,ach1av1M,Hemperess
2936,ueG9AeMoo,Enly1935
2937,IXizies6w,Quoinep52
2938,tangoW2Quo,Wils1997
2939,Vie1wohbiip,Auncaughbove
2940,hi1shoo5Ei,Oloyed
2941,oab3LeemieCh,Thempoess60
2942,aiqu2oWieth,Wituessarks65
2943,Ve6AhW1yew7u,Simet1993
2944,zuThaa9iile,Mostion
2945,ear0RaPhie,Evoichland1975
2946,aiK8raiSoo3,Fames1998
2947,en7rieToh,Butime
2948,ueCoci9ee,Eved1962
2949,Ohkuap2aev,Prionat
2950,Iep9eigoocee,Graw1967
2951,Xohm1uag9ea,Besen1998
2952,vi6rai6ieTh,Neizies
2953,IoR5weexo3,Evers1941
2954,Ieco9keeQu,Wilge1999
2955,nieBiuV9,Forseir
2956,eeN5eesh,Stly1962
2957,pho2aeThairie,Spette
2958,oMaiJ2thoh,Spoed1955
2959,Dahnie3nuX,Fifended
2960,uCuegh7iebee,Thicest68
2961,yie8UChaa,Trands
2962,Voodai9ee,Threatheen55
2963,Tu4iegeezoxu,Marm1948
2964,Eoph4einah,Warl1967
2965,Phugah7Choh,Opocone
2966,Xaemi9ri,Wriblaymeapt
2967,Phoh3aeSh6,Rine1942
2968,xooj5Huduqu,Cardso
2969,di5yaiPh1,Props1943
2970,Quia6AeThei,Whopuld
2971,vahzoo4Pee0,Samsexhadve
2972,aiDee5naiDah,Welver
2973,gieTh3kiXai,Iggerstoost
2974,noh6eiXei3,Whou1943
2975,Nee3ohch7,Inceire58
2976,laexim1OY,Beirt2001
2977,ahPaici0thoo,Poss1983
2978,Fi1Ieng7see,Sompores
2979,ooj1IoSh8nei,Gues1989
2980,uozeiCh7quee,Fregation
2981,phae4Ohngie,Shek2000
2982,meWohWoo0,Trupoin
2983,Meef6Ohghei,Apper1938
2984,Zu3eogaew5,Immirty
2985,uaz0yie7aiF,Wortim
2986,Hien2yahNg,Hignisfat1990
2987,Aidua8chie,Proal1960
2988,Eephaequ1s,Doestalf
2989,aiWeeQu1cae,Ladvized
2990,Eej5wo7ooY,Henew1935
2991,Oowei0bei,Hinface
2992,ohSahzaiz2w,Wilsock
2993,eex3Aiph,Upposer
2994,Eezaid0oy,Nowbel
2995,Quohwie6egh,Anover72
2996,veiR4miv,Casse1966
2997,ahxaeM8ch,Andids
2998,EuVahf2KahCh,Pandfuldell
2999,aha5ohWoong,Eyettle1989
3000,Ithaech8,Repliseen
